line=key,writer,sequence,person_id,title,assoc_type,assoc_name_chn,assoc_cpersonid=person,assoc_count=int,assoc_year=int,nianhao=string,year=int,collection,c_source,volume
行号,作者,序号,人物id,作品標題,通讯关系,通讯人姓名,通讯人(id),通讯次数,通讯年份,年号,年,文集,出處,卷
51,羅倫,1,34531,在告與三閤老,致書Y,三閤老,,,,,,一峰先生文集,7204,8
52,羅倫,2,34531,在告與崔冡宰,致書Y,崔冡宰,,,,,,一峰先生文集,7204,8
53,羅倫,3,34531,與李賔之,致書Y,李賔之,,,,,,一峰先生文集,7204,8
54,羅倫,4,34531,與劉用光,致書Y,劉煊,199087,,,,,一峰先生文集,7204,8
55,羅倫,5,34531,復胡提學書,答Y書,胡提學,,,,,,一峰先生文集,7204,8
56,羅倫,6,34531,與周時可書,致書Y,周孟中,128822,,,,,一峰先生文集,7204,8
57,羅倫,7,34531,書先府君事略寄陳石齋,致書Y,陳獻章,29570,,,,,一峰先生文集,7204,8
58,羅倫,8,34531,奉曹州李冡宰書,致書Y,曹州李冡宰,,,,,,一峰先生文集,7204,8
59,羅倫,9,34531,復翁宗海書,答Y書,翁晏,199137,,,,,一峰先生文集,7204,8
60,羅倫,10,34531,與謝元吉書,致書Y,謝文祥,133151,,,,,一峰先生文集,7204,8
61,羅倫,11,34531,與陳直夫書二首,致書Y,陳壯,67120,2,,,,一峰先生文集,7204,8
62,羅倫,12,34531,與劉素彬書,致書Y,劉彬,132826,,,,,一峰先生文集,7204,8
63,羅倫,13,34531,與門人書,致書Y,門人,,,,,,一峰先生文集,7204,8
64,羅倫,14,34531,奉謝大韶先生書,致書Y,謝一夔,133146,,,,,一峰先生文集,7204,9
65,羅倫,15,34531,復張都憲書,答Y書,張都憲,,,,,,一峰先生文集,7204,9
66,羅倫,16,34531,與眀三叔書,致書Y,眀三叔,,,,,,一峰先生文集,7204,9
67,羅倫,17,34531,復丘學正書,答Y書,丘學正,,,,,,一峰先生文集,7204,9
68,羅倫,18,34531,復進賢吕大尹書,答Y書,進賢吕大尹,,,,,,一峰先生文集,7204,9
69,羅倫,19,34531,復寳寧李太守書,答Y書,寳寧李太守,,,,,,一峰先生文集,7204,9
70,羅倫,20,34531,與府縣言上中户書,致書Y,府縣言上中户,,,,,,一峰先生文集,7204,9
71,羅倫,21,34531,與族叔謙益先生書,致書Y,謙益先生,,,,,,一峰先生文集,7204,9
72,羅倫,22,34531,戒族人書以上□新增,致書Y,族人,,,,,,一峰先生文集,7204,9
73,羅倫,23,34531,與張廷芳書,致書Y,張廷芳,,,,,,一峰先生文集,7204,9
74,羅倫,24,34531,與劉顯仁書二首,致書Y,劉忠,199212,2,,,,一峰先生文集,7204,9
75,羅倫,25,34531,與何惟一,致書Y,何惟一,,,,,,一峰先生文集,7204,9
76,羅倫,26,34531,與鄭御史,致書Y,鄭御史,,,,,,一峰先生文集,7204,9
77,羅倫,27,34531,與夏止菴憲副,致書Y,夏寅,67119,,,,,一峰先生文集,7204,9
78,陳獻章,1,29570,與西崖李學士一一首,致書Y,李東陽,28691,,,,,白沙子全集,28404,4
79,陳獻章,2,29570,與鄧督府二首,致書Y,鄧督府,,,,,,白沙子全集,28404,4
80,陳獻章,3,29570,與金都憲一首,致書Y,金都憲,,,,,,白沙子全集,28404,4
81,陳獻章,4,29570,與沈都憲一首,致書Y,沈都憲,,,,,,白沙子全集,28404,4
82,陳獻章,5,29570,與朱都憲三首,致書Y,朱都憲,,,,,,白沙子全集,28404,4
83,陳獻章,6,29570,與劉方伯東山先生,致書Y,劉大夏,67777,,,,,白沙子全集,28404,4
84,陳獻章,7,29570,復彭方伯一首,答Y書,彭方伯,,,,,,白沙子全集,28404,4
85,陳獻章,8,29570,與金方伯一首,致書Y,金方伯,,,,,,白沙子全集,28404,4
86,陳獻章,9,29570,復陳方伯二首,答Y書,陳方伯,,,,,,白沙子全集,28404,4
87,陳獻章,10,29570,與熊方伯一首,致書Y,熊方伯,,,,,,白沙子全集,28404,4
88,陳獻章,11,29570,與陶方伯三首,致書Y,陶方伯,,,,,,白沙子全集,28404,4
89,陳獻章,12,29570,與歐總戎一首,致書Y,歐總戎,,,,,,白沙子全集,28404,4
90,陳獻章,13,29570,復張東白内翰一首,答Y書,張元禎,67756,,,,,白沙子全集,28404,4
91,陳獻章,14,29570,與賀東恭黄門二首,致書Y,賀東恭黄門,,,,,,白沙子全集,28404,4
92,陳獻章,15,29570,與吴黄門一首,致書Y,吴黄門,,,,,,白沙子全集,28404,4
93,陳獻章,16,29570,與丘侍御一首,致書Y,丘侍御,,,,,,白沙子全集,28404,4
94,陳獻章,17,29570,與葛侍御一首,致書Y,葛侍御,,,,,,白沙子全集,28404,4
95,陳獻章,18,29570,與鄧侍御一首,致書Y,鄧侍御,,,,,,白沙子全集,28404,4
96,陳獻章,19,29570,復孫清戎一首,答Y書,孫清戎,,,,,,白沙子全集,28404,4
97,陳獻章,20,29570,復汪侍御一首,答Y書,汪侍御,,,,,,白沙子全集,28404,4
98,陳獻章,21,29570,慰王侍御一首,致書Y,王侍御,,,,,,白沙子全集,28404,4
99,陳獻章,22,29570,復江右藩憲諸公一首,答Y書,江右藩憲諸公,,,,,,白沙子全集,28404,4
100,陳獻章,23,29570,與李白洲憲長六首,致書Y,李白洲憲長,,,,,,白沙子全集,28404,4
101,陳獻章,24,29570,復陶廉憲七首,答Y書,陶廉憲,,,,,,白沙子全集,28404,4
102,陳獻章,25,29570,復林大叅一首,答Y書,林大叅,,,,,,白沙子全集,28404,4
103,陳獻章,26,29570,復趙提學僉憲三首,答Y書,趙提學僉憲,,,,,,白沙子全集,28404,4
104,陳獻章,27,29570,復二司諸公狀一首,答Y書,二司諸公狀,,,,,,白沙子全集,28404,4
105,陳獻章,28,29570,復當道諸公一首,答Y書,當道諸公,,,,,,白沙子全集,28404,4
106,陳獻章,29,29570,復周廉憲時可可二首,答Y書,周廉憲時可可,,,,,,白沙子全集,28404,4
107,陳獻章,30,29570,答蘇僉憲一首,答Y書,蘇僉憲,,,,,,白沙子全集,28404,4
108,陳獻章,31,29570,答祁方伯一首,答Y書,祁方伯,,,,,,白沙子全集,28404,4
109,陳獻章,32,29570,與徐嶺南一首,致書Y,徐嶺南,,,,,,白沙子全集,28404,4
110,陳獻章,33,29570,與張憲副二首,致書Y,張憲副,,,,,,白沙子全集,28404,4
111,陳獻章,34,29570,與陶僉憲一首,致書Y,陶僉憲,,,,,,白沙子全集,28404,4
112,陳獻章,35,29570,與黄大叅一首,致書Y,黄大叅,,,,,,白沙子全集,28404,4
113,陳獻章,36,29570,與孔憲副三首,致書Y,孔憲副,,,,,,白沙子全集,28404,4
114,陳獻章,37,29570,與戴憲副一首,致書Y,戴憲副,,,,,,白沙子全集,28404,4
115,陳獻章,38,29570,與大叅元善一首,致書Y,大叅元善,,,,,,白沙子全集,28404,4
116,陳獻章,39,29570,與某嶺南,致書Y,某嶺南,,,,,,白沙子全集,28404,4
117,陳獻章,40,29570,與胡僉事提學四首,致書Y,胡僉事提學,,,,,,白沙子全集,28404,4
118,陳獻章,41,29570,與王樂用僉事三首,致書Y,王相,68074,3,,,,白沙子全集,28404,4
119,陳獻章,42,29570,復鄧僉憲一首,答Y書,鄧僉憲,,,,,,白沙子全集,28404,4
120,陳獻章,43,29570,與左行人廷弼一首,致書Y,左行人廷弼,,,,,,白沙子全集,28404,4
121,陳獻章,44,29570,與張太守兩先生一首,致書Y,張太守兩先生,,,,,,白沙子全集,28404,4
122,陳獻章,45,29570,與光禄何子完一首,致書Y,光禄何子完,,,,,,白沙子全集,28404,4
123,陳獻章,46,29570,與羅一峯一首,致書Y,羅倫,34531,,,,,白沙子全集,28404,4
124,陳獻章,47,29570,與莊定山二首,致書Y,莊昶,67718,,,,,白沙子全集,28404,4
125,陳獻章,48,29570,與張廷實主事六十八首,致書Y,張詡,29573,,,,,白沙子全集,28404,4
126,陳獻章,49,29570,與姜主事仁夫5,致書Y,姜主事仁夫,,,,,,白沙子全集,28404,5
127,陳獻章,50,29570,與陳進士時周一首,致書Y,陳進士時周,,,,,,白沙子全集,28404,5
128,陳獻章,51,29570,與袁進士一首,致書Y,袁進士,,,,,,白沙子全集,28404,5
129,陳獻章,52,29570,復林府尊一首首,答Y書,林府尊,,,,,,白沙子全集,28404,5
130,陳獻章,53,29570,復李太守一首,答Y書,李太守,,,,,,白沙子全集,28404,5
131,陳獻章,54,29570,與黄太守一首,致書Y,黄太守,,,,,,白沙子全集,28404,5
132,陳獻章,55,29570,與張太守克脩一首,致書Y,張太守克脩,,,,,,白沙子全集,28404,5
133,陳獻章,56,29570,與王太守一首,致書Y,王太守,,,,,,白沙子全集,28404,5
134,陳獻章,57,29570,與丘蘇州一首,致書Y,丘蘇州,,,,,,白沙子全集,28404,5
135,陳獻章,58,29570,與鍾地曹一首,致書Y,鍾地曹,,,,,,白沙子全集,28404,5
136,陳獻章,59,29570,與林春官一首,致書Y,林春官,,,,,,白沙子全集,28404,5
137,陳獻章,60,29570,與吴惠州一首,致書Y,吴惠州,,,,,,白沙子全集,28404,5
138,陳獻章,61,29570,與汪提舉一首,致書Y,汪提舉,,,,,,白沙子全集,28404,5
139,陳獻章,62,29570,與陶提舉一首,致書Y,陶提舉,,,,,,白沙子全集,28404,5
140,陳獻章,63,29570,與陸通判一首,致書Y,陸通判,,,,,,白沙子全集,28404,5
141,陳獻章,64,29570,與勉菴别駕一首,致書Y,勉菴别駕,,,,,,白沙子全集,28404,5
142,陳獻章,65,29570,復高别駕一首,答Y書,高别駕,,,,,,白沙子全集,28404,5
143,陳獻章,66,29570,復余通守一首,答Y書,余通守,,,,,,白沙子全集,28404,5
144,陳獻章,67,29570,與劉别駕一首,致書Y,劉别駕,,,,,,白沙子全集,28404,5
145,陳獻章,68,29570,與黄别駕一首,致書Y,黄别駕,,,,,,白沙子全集,28404,5
146,陳獻章,69,29570,答雷别駕一首,答Y書,雷别駕,,,,,,白沙子全集,28404,5
147,陳獻章,70,29570,與林節推一首,致書Y,林節推,,,,,,白沙子全集,28404,5
148,陳獻章,71,29570,復胡推府一首,答Y書,胡推府,,,,,,白沙子全集,28404,5
149,陳獻章,72,29570,與左知縣一首,致書Y,左知縣,,,,,,白沙子全集,28404,5
150,陳獻章,73,29570,九日答丁長官一首,答Y書,丁長官,,,,,,白沙子全集,28404,5
151,陳獻章,74,29570,與蒙知縣一首,致書Y,蒙知縣,,,,,,白沙子全集,28404,5
152,陳獻章,75,29570,與順德吴明府一首,致書Y,順德吴明府,,,,,,白沙子全集,28404,5
153,陳獻章,76,29570,與趙明府一首,致書Y,趙明府,,,,,,白沙子全集,28404,5
154,陳獻章,77,29570,與陽江柯明府一首,致書Y,陽江柯明府,,,,,,白沙子全集,28404,5
155,陳獻章,78,29570,與任明府一首,致書Y,任明府,,,,,,白沙子全集,28404,5
156,陳獻章,79,29570,與曹知縣一首,致書Y,曹知縣,,,,,,白沙子全集,28404,5
157,陳獻章,80,29570,與順德楊明府一首,致書Y,順德楊明府,,,,,,白沙子全集,28404,5
158,陳獻章,81,29570,與梁知縣一首,致書Y,梁知縣,,,,,,白沙子全集,28404,5
159,陳獻章,82,29570,與莫知縣一首,致書Y,莫知縣,,,,,,白沙子全集,28404,5
160,陳獻章,83,29570,與韓知縣一首,致書Y,韓知縣,,,,,,白沙子全集,28404,5
161,陳獻章,84,29570,與黎知縣一首,致書Y,黎知縣,,,,,,白沙子全集,28404,5
162,陳獻章,85,29570,與鄺知縣兄弟一首,致書Y,鄺知縣兄弟,,,,,,白沙子全集,28404,5
163,陳獻章,86,29570,與林郡慱一首,致書Y,林郡慱,,,,,,白沙子全集,28404,5
164,陳獻章,87,29570,與梁貳教伯鴻一首,致書Y,梁貳教伯鴻,,,,,,白沙子全集,28404,5
165,陳獻章,88,29570,與湛民澤一首,致書Y,湛民澤,,,,,,白沙子全集,28404,5
166,陳獻章,89,29570,回祝主簿一首,答Y書,祝主簿,,,,,,白沙子全集,28404,5
167,陳獻章,90,29570,與蔣教諭一首,致書Y,蔣教諭,,,,,,白沙子全集,28404,5
168,陳獻章,91,29570,與寶安諸友一首,致書Y,寶安諸友,,,,,,白沙子全集,28404,5
169,陳獻章,92,29570,與鄧勝之一首,致書Y,鄧勝之,,,,,,白沙子全集,28404,5
170,陳獻章,93,29570,復李世卿一首,答Y書,李承箕,29571,,,,,白沙子全集,28404,5
171,陳獻章,94,29570,與賀諮一首,致書Y,賀諮,,,,,,白沙子全集,28404,5
172,陳獻章,95,29570,答陳宗湯一首,答Y書,陳宗湯,,,,,,白沙子全集,28404,5
173,陳獻章,96,29570,與周文鄒一首,致書Y,周文鄒,,,,,,白沙子全集,28404,5
174,陳獻章,97,29570,與梁梁貞一首,致書Y,梁梁貞,,,,,,白沙子全集,28404,5
175,陳獻章,98,29570,與羅晃一首,致書Y,羅晃,,,,,,白沙子全集,28404,5
176,陳獻章,99,29570,與鄭文吉一首,致書Y,鄭文吉,,,,,,白沙子全集,28404,5
177,陳獻章,100,29570,與黎潜蕭倫一首,致書Y,黎潜蕭倫,,,,,,白沙子全集,28404,5
178,陳獻章,101,29570,與朱甘節一首,致書Y,朱甘節,,,,,,白沙子全集,28404,5
179,陳獻章,102,29570,與趙日新一首,致書Y,趙新,132210,,,,,白沙子全集,28404,5
180,陳獻章,103,29570,與太虚一首,致書Y,太虚,,,,,,白沙子全集,28404,5
181,陳獻章,104,29570,與黄舉人一首,致書Y,黄舉人,,,,,,白沙子全集,28404,5
182,陳獻章,105,29570,與鄭舉人一首,致書Y,鄭舉人,,,,,,白沙子全集,28404,5
183,陳獻章,106,29570,與鄧球一首,致書Y,鄧球,,,,,,白沙子全集,28404,5
184,陳獻章,107,29570,與趙壽卿一首,致書Y,趙壽卿,,,,,,白沙子全集,28404,5
185,陳獻章,108,29570,與周用中兄弟一首,致書Y,周用中兄弟,,,,,,白沙子全集,28404,5
186,陳獻章,109,29570,與李孔脩一首,致書Y,李孔脩,,,,,,白沙子全集,28404,5
187,陳獻章,110,29570,與范規一首,致書Y,范規,,,,,,白沙子全集,28404,5
188,陳獻章,111,29570,與趙汝夔一首,致書Y,趙汝夔,,,,,,白沙子全集,28404,5
189,陳獻章,112,29570,與董子仁一首,致書Y,董旻,131994,,,,,白沙子全集,28404,5
190,陳獻章,113,29570,與何庭規一首,致書Y,何庭規,,,,,,白沙子全集,28404,5
191,陳獻章,114,29570,與鍾百福一首,致書Y,鍾百福,,,,,,白沙子全集,28404,5
192,陳獻章,115,29570,與張聲遠一首,致書Y,張鍈,200638,,,,,白沙子全集,28404,5
193,陳獻章,116,29570,與譚友蓮一首,致書Y,譚友蓮,,,,,,白沙子全集,28404,5
194,陳獻章,117,29570,與陳德禎一首,致書Y,陳惟芝,206567,,,,,白沙子全集,28404,5
195,陳獻章,118,29570,復陳冕一首,答Y書,陳冕,,,,,,白沙子全集,28404,5
196,陳獻章,119,29570,與焉玄貞一首,致書Y,焉玄貞,,,,,,白沙子全集,28404,5
197,陳獻章,120,29570,與舊生陳魁一首,致書Y,舊生陳魁,,,,,,白沙子全集,28404,5
198,陳獻章,121,29570,與容一之一首,致書Y,容一之,,,,,,白沙子全集,28404,5
199,陳獻章,122,29570,答易隱求一首,答Y書,易隱求,,,,,,白沙子全集,28404,5
200,陳獻章,123,29570,與馬禎一首,致書Y,馬禎,,,,,,白沙子全集,28404,5
201,陳獻章,124,29570,與琴月先生一首,致書Y,琴月先生,,,,,,白沙子全集,28404,5
202,陳獻章,125,29570,與容珪一首,致書Y,容珪,,,,,,白沙子全集,28404,5
203,陳獻章,126,29570,與琴月先生一首,致書Y,琴月先生,,,,,,白沙子全集,28404,5
204,陳獻章,127,29570,與陳秉常一首,致書Y,陳庸,130898,,,,,白沙子全集,28404,5
205,陳獻章,128,29570,與崔楫一首,致書Y,崔楫,,,,,,白沙子全集,28404,5
206,陳獻章,129,29570,與伍光宇一首,致書Y,伍雲,67015,,,,,白沙子全集,28404,5
207,陳獻章,130,29570,與陳德雍二首,致書Y,陳德雍,,,,,,白沙子全集,28404,5
208,陳獻章,131,29570,與陳剩夫一首,致書Y,陳眞晟,130887,,,,,白沙子全集,28404,5
209,陳獻章,132,29570,與李德孚二首,致書Y,李慶,66671,,,,,白沙子全集,28404,5
210,陳獻章,133,29570,與潘徐二生一首,致書Y,潘徐二生,,,,,,白沙子全集,28404,5
211,陳獻章,134,29570,與伍伯饒一首,致書Y,伍伯饒,,,,,,白沙子全集,28404,5
212,陳獻章,135,29570,與林蒙菴一首,致書Y,林雍,128634,,,,,白沙子全集,28404,5
213,陳獻章,136,29570,與時矩三首,致書Y,時矩,,,,,,白沙子全集,28404,5
214,陳獻章,137,29570,與錢驛丞一首,致書Y,錢驛丞,,,,,,白沙子全集,28404,5
215,陳獻章,138,29570,與謝伯欽三首,致書Y,謝伯欽,,,,,,白沙子全集,28404,5
216,陳獻章,139,29570,與潘舜絃一首,致書Y,潘琴,132330,,,,,白沙子全集,28404,5
217,陳獻章,140,29570,與庠中諸友一首,致書Y,庠中諸友,,,,,,白沙子全集,28404,5
218,陳獻章,141,29570,與僧文定一首,致書Y,僧文定,,,,,,白沙子全集,28404,5
219,陳獻章,142,29570,慰馬默齋喪子一首,致書Y,馬默齋喪子,,,,,,白沙子全集,28404,5
220,陳獻章,143,29570,答諸廣文一首,答Y書,諸廣文,,,,,,白沙子全集,28404,5
221,陳獻章,144,29570,慰鍾五一首,致書Y,鍾五,,,,,,白沙子全集,28404,5
222,陳獻章,145,29570,與林時表一首,致書Y,林時表,,,,,,白沙子全集,28404,5
223,胡居仁,1,30631,奉羅一峯,致書Y,羅倫,34531,,,,,胡敬齋集,3119,1
224,胡居仁,2,30631,與辜顓,致書Y,辜顓,,,,,,胡敬齋集,3119,1
225,胡居仁,3,30631,答進進邑大尹,答Y書,進進邑大尹,,,,,,胡敬齋集,3119,1
226,胡居仁,4,30631,與劉用光,致書Y,劉煊,199087,,,,,胡敬齋集,3119,1
227,胡居仁,5,30631,寄張廷祥,致書Y,張元禎,67756,,,,,胡敬齋集,3119,1
228,胡居仁,6,30631,與陳大中,致書Y,陳大中,,,,,,胡敬齋集,3119,1
229,胡居仁,7,30631,與江深,致書Y,江深,,,,,,胡敬齋集,3119,1
230,胡居仁,8,30631,與戴太守,致書Y,戴太守,,,,,,胡敬齋集,3119,1
231,胡居仁,9,30631,寄周時可,致書Y,周孟中,128822,,,,,胡敬齋集,3119,1
232,胡居仁,10,30631,與艾崇德,致書Y,艾崇德,,,,,,胡敬齋集,3119,1
233,胡居仁,11,30631,與戴太守,致書Y,戴太守,,,,,,胡敬齋集,3119,1
234,胡居仁,12,30631,寄張廷祥,致書Y,張元禎,67756,,,,,胡敬齋集,3119,1
235,胡居仁,13,30631,寄周時可,致書Y,周孟中,128822,,,,,胡敬齋集,3119,1
236,胡居仁,14,30631,奉張廷祥,致書Y,張元禎,67756,,,,,胡敬齋集,3119,1
237,胡居仁,15,30631,與文崇德,致書Y,文崇德,,,,,,胡敬齋集,3119,1
238,胡居仁,16,30631,薦陳大中寄周時雍,致書Y,周茂,199539,,,,,胡敬齋集,3119,1
239,胡居仁,17,30631,奉于先生,致書Y,于先生,,,,,,胡敬齋集,3119,1
240,胡居仁,18,30631,寄于先生,致書Y,于先生,,,,,,胡敬齋集,3119,1
241,胡居仁,19,30631,復于先生,答Y書,于先生,,,,,,胡敬齋集,3119,1
242,胡居仁,20,30631,又奉于先生,致書Y,于先生,,,,,,胡敬齋集,3119,1
243,胡居仁,21,30631,又奉于先生,致書Y,于先生,,,,,,胡敬齋集,3119,1
244,胡居仁,22,30631,寄潘友,致書Y,潘友,,,,,,胡敬齋集,3119,1
245,胡居仁,23,30631,謝蘇方簡兵部主事,致書Y,蘇方簡兵部主事,,,,,,胡敬齋集,3119,1
246,胡居仁,24,30631,復汪謙,答Y書,汪謙,,,,,,胡敬齋集,3119,1
247,胡居仁,25,30631,復南康何濬太守,答Y書,南康何濬太守,,,,,,胡敬齋集,3119,1
248,胡居仁,26,30631,與丘時雍,致書Y,丘霽,127133,,,,,胡敬齋集,3119,1
249,胡居仁,27,30631,奉夏憲副,致書Y,夏寅,67119,,,,,胡敬齋集,3119,1
250,胡居仁,28,30631,與婁克貞,致書Y,婁諒,131074,,,,,胡敬齋集,3119,1
251,胡居仁,29,30631,復張廷祥,答Y書,張元禎,67756,,,,,胡敬齋集,3119,1
252,胡居仁,30,30631,復憲使陳文耀,答Y書,陳輝,198783,,,,,胡敬齋集,3119,1
253,胡居仁,31,30631,謝夏憲副,致書Y,夏寅,67119,,,,,胡敬齋集,3119,1
254,胡居仁,32,30631,謝陳僉憲,致書Y,陳僉憲,,,,,,胡敬齋集,3119,1
255,胡居仁,33,30631,答本縣請鄕飮,答Y書,本縣請鄕飮,,,,,,胡敬齋集,3119,1
256,胡居仁,34,30631,與羅一峯,致書Y,羅倫,34531,,,,,胡敬齋集,3119,1
257,胡居仁,35,30631,奉張張廷祥,致書Y,張元禎,67756,,,,,胡敬齋集,3119,1
258,胡居仁,36,30631,寄蔡登,致書Y,蔡登,,,,,,胡敬齋集,3119,1
259,胡居仁,37,30631,奉憲副張希仁,致書Y,張恕,130478,,,,,胡敬齋集,3119,1
260,胡居仁,38,30631,寄張廷祥,致書Y,張元禎,67756,,,,,胡敬齋集,3119,1
261,胡居仁,39,30631,寄晏洧,致書Y,晏洧,,,,,,胡敬齋集,3119,1
262,胡居仁,40,30631,奉張廷祥,致書Y,張元禎,67756,,,,,胡敬齋集,3119,1
263,胡居仁,41,30631,上邑宰,致書Y,邑宰,,,,,,胡敬齋集,3119,1
264,胡居仁,42,30631,與莊孔暘,致書Y,莊昶,67718,,,,,胡敬齋集,3119,1
265,胡居仁,43,30631,與周時可,致書Y,周孟中,128822,,,,,胡敬齋集,3119,1
266,胡居仁,44,30631,定親書,致書Y,,,,,,,胡敬齋集,3119,1
267,胡居仁,45,30631,復余氏定親書,答Y書,余氏定親,,,,,,胡敬齋集,3119,1
268,胡居仁,46,30631,復張廷祥内翰,答Y書,張元禎,67756,,,,,胡敬齋集,3119,1
269,胡居仁,47,30631,又復張廷祥,答Y書,張元禎,67756,,,,,胡敬齋集,3119,1
270,胡居仁,48,30631,與餘干縣論鄕飮,致書Y,餘干縣論鄕飮,,,,,,胡敬齋集,3119,1
271,胡居仁,49,30631,謝南康太守,致書Y,南康太守,,,,,,胡敬齋集,3119,1
272,胡居仁,50,30631,奉祁參政鍾憲副莊僉憲,致書Y,祁參政鍾憲副莊僉憲,,,,,,胡敬齋集,3119,1
273,胡居仁,51,30631,奉祁大參鍾憲副,致書Y,祁大參鍾憲副,,,,,,胡敬齋集,3119,1
274,胡居仁,52,30631,與陳大中,致書Y,陳大中,,,,,,胡敬齋集,3119,1
275,胡居仁,53,30631,與南康府論租,致書Y,南康府論租,,,,,,胡敬齋集,3119,1
276,胡居仁,54,30631,奉何布政,致書Y,何布政,,,,,,胡敬齋集,3119,1
277,胡居仁,55,30631,寄張廷祥,致書Y,張元禎,67756,,,,,胡敬齋集,3119,1
278,胡居仁,56,30631,辭祁大參鍾憲副,致書Y,,,,,,,胡敬齋集,3119,1
279,胡居仁,57,30631,寄張廷祥,致書Y,張元禎,67756,,,,,胡敬齋集,3119,1
280,胡居仁,58,30631,寄新昌王御史,致書Y,新昌王御史,,,,,,胡敬齋集,3119,1
281,胡居仁,59,30631,寄安仁張大尹,致書Y,安仁張大尹,,,,,,胡敬齋集,3119,1
282,胡居仁,60,30631,答陳大中,答Y書,陳大中,,,,,,胡敬齋集,3119,1
283,胡居仁,61,30631,寄夏憲副正夫,致書Y,夏寅,67119,,,,,胡敬齋集,3119,1
284,胡居仁,62,30631,寄趙同府,致書Y,趙同府,,,,,,胡敬齋集,3119,1
285,胡居仁,63,30631,與蔡登,致書Y,蔡登,,,,,,胡敬齋集,3119,1
286,胡居仁,64,30631,與樂平劉掌敎,致書Y,樂平劉掌敎,,,,,,胡敬齋集,3119,1
287,胡居仁,65,30631,與張亮帖,致書Y,張亮帖,,,,,,胡敬齋集,3119,1
288,胡居仁,66,30631,與季御史,致書Y,季御史,,,,,,胡敬齋集,3119,1
289,何喬新,1,34522,寄羅應魁内翰書,致書Y,羅倫,34531,,,,,椒邱文集,7200,16
290,何喬新,2,34522,寄祭酒邱仲深,致書Y,丘濬,33202,,,,,椒邱文集,7200,16
291,何喬新,3,34522,寄秋官何惟孝,致書Y,秋官何惟孝,,,,,,椒邱文集,7200,16
292,何喬新,4,34522,答余司徒,答Y書,余司徒,,,,,,椒邱文集,7200,16
293,何喬新,5,34522,與周僉憲,致書Y,周僉憲,,,,,,椒邱文集,7200,16
294,何喬新,6,34522,與胡右都御史拱辰,致書Y,胡右都御史拱辰,,,,,,椒邱文集,7200,16
295,何喬新,7,34522,與王太傳威寧伯越,致書Y,王太傳威寧伯越,,,,,,椒邱文集,7200,16
296,何喬新,8,34522,與黎少宰先生淳,致書Y,黎少宰先生淳,,,,,,椒邱文集,7200,16
297,何喬新,9,34522,與少司馬李公勉,致書Y,李敏,67840,,,,,椒邱文集,7200,16
298,何喬新,10,34522,與殷司徒謙,致書Y,殷司徒謙,,,,,,椒邱文集,7200,16
299,何喬新,11,34522,寄胡方伯靖,致書Y,胡方伯靖,,,,,,椒邱文集,7200,16
300,何喬新,12,34522,與僉都御史秦公竑,致書Y,僉都御史秦公竑,,,,,,椒邱文集,7200,16
301,何喬新,13,34522,寄劉太保珝,致書Y,劉太保珝,,,,,,椒邱文集,7200,16
302,何喬新,14,34522,與周守謨憲副,致書Y,周謨,198567,,,,,椒邱文集,7200,16
303,何喬新,15,34522,與彭方伯鳯儀,致書Y,彭方伯鳯儀,,,,,,椒邱文集,7200,16
304,何喬新,16,34522,與朱右都御史英,致書Y,朱右都御史英,,,,,,椒邱文集,7200,16
305,何喬新,17,34522,寄謝宗伯,致書Y,謝宗伯,,,,,,椒邱文集,7200,16
306,何喬新,18,34522,與邉僉都御史鏞,致書Y,邉僉都御史鏞,,,,,,椒邱文集,7200,16
307,何喬新,19,34522,與陳布政,致書Y,陳布政,,,,,,椒邱文集,7200,16
308,何喬新,20,34522,答李鴻臚鐩,答Y書,李鴻臚鐩,,,,,,椒邱文集,7200,16
309,何喬新,21,34522,寄楊學士維新,致書Y,楊守陳,67789,,,,,椒邱文集,7200,16
310,何喬新,22,34522,答羅内翰景鳴,答Y書,羅玘,133523,,,,,椒邱文集,7200,16
311,何喬新,23,34522,寄彭學士彦實,致書Y,彭學士彦實,,,,,,椒邱文集,7200,16
312,何喬新,24,34522,復張司寇尚絅,答Y書,張司寇尚絅,,,,,,椒邱文集,7200,16
313,何喬新,25,34522,答陸大參,答Y書,陸大參,,,,,,椒邱文集,7200,16
314,蔡清,1,24579,寓杭州上瓊山邱祭酒先生書,致書Y,丘濬,33202,,,,,齋蔡先生文集:五卷,28043,2
315,蔡清,2,24579,與孫九峰先生書,致書Y,孫交,68220,,,,,齋蔡先生文集:五卷,28043,2
316,蔡清,3,24579,上天台謝祭酒先生書,致書Y,天台謝祭酒先生,,,,,,齋蔡先生文集:五卷,28043,2
317,蔡清,4,24579,寄周黃門書,致書Y,周黃門,,,,,,齋蔡先生文集:五卷,28043,2
318,蔡清,5,24579,與陳時安憲副書,致書Y,陳寓,199358,,,,,齋蔡先生文集:五卷,28043,2
319,蔡清,6,24579,上東山劉先生書,致書Y,劉大夏,67777,,,,,齋蔡先生文集:五卷,28043,2
320,蔡清,7,24579,與內翰汪二先生書,致書Y,汪一中,68165,,,,,齋蔡先生文集:五卷,28043,2
321,蔡清,8,24579,寄李宗一書,致書Y,李宗一,,3,,,,齋蔡先生文集:五卷,28043,2
322,蔡清,11,24579,與黃德馨石仲殷書,致書Y,黃如桂,203205,,,,,齋蔡先生文集:五卷,28043,2
323,蔡清,12,24579,復李宗本書,答Y書,李宗本,,,,,,齋蔡先生文集:五卷,28043,2
324,蔡清,13,24579,與黃德馨書,致書Y,黃如桂,203205,,,,,齋蔡先生文集:五卷,28043,2
325,蔡清,14,24579,與周提學書,致書Y,周提學,,,,,,齋蔡先生文集:五卷,28043,2
326,蔡清,15,24579,與陸憲長書,致書Y,陸憲長,,,,,,齋蔡先生文集:五卷,28043,2
327,蔡清,16,24579,寓九江寄宗侍御書,致書Y,宗侍御,,,,,,齋蔡先生文集:五卷,28043,2
328,蔡清,17,24579,與畏菴朱先生書,致書Y,畏菴朱先生,,,,,,齋蔡先生文集:五卷,28043,2
329,蔡清,18,24579,與曾侍御書,致書Y,曾侍御,,,,,,齋蔡先生文集:五卷,28043,2
330,蔡清,19,24579,與碧川先生書,致書Y,碧川先生,,,,,,齋蔡先生文集:五卷,28043,2
331,蔡清,20,24579,寄梅一之書,致書Y,梅純,130247,,,,,齋蔡先生文集:五卷,28043,2
332,蔡清,21,24579,寓九江上秦太宰先生書,致書Y,秦太宰先生,,,,,,齋蔡先生文集:五卷,28043,2
333,蔡清,22,24579,與方石謝先生書,致書Y,方石謝先生,,,,,,齋蔡先生文集:五卷,28043,2
334,蔡清,23,24579,與九峰孫先生書,致書Y,孫交,68220,,,,,齋蔡先生文集:五卷,28043,2
335,蔡清,24,24579,與都憲吳先生書,致書Y,都憲吳先生,,,,,,齋蔡先生文集:五卷,28043,2
336,蔡清,25,24579,謝梁叔厚編修寄惠陸宣公奏議書,致書Y,梁儲,68135,,,,,齋蔡先生文集:五卷,28043,2
337,蔡清,26,24579,與柴墟儲靜夫書,致書Y,儲瓘,122987,3,,,,齋蔡先生文集:五卷,28043,2
338,蔡清,29,24579,寄林待用書,致書Y,林俊,24554,,,,,齋蔡先生文集:五卷,28043,2
339,蔡清,30,24579,與畏菴朱先生書,致書Y,畏菴朱先生,,2,,,,齋蔡先生文集:五卷,28043,2
340,蔡清,32,24579,與劉司空書,致書Y,劉司空,,,,,,齋蔡先生文集:五卷,28043,2
341,蔡清,33,24579,寄碧川先生書,致書Y,碧川先生,,,,,,齋蔡先生文集:五卷,28043,2
342,蔡清,34,24579,寄督學邵先生書,致書Y,督學邵先生,,,,,,齋蔡先生文集:五卷,28043,2
343,蔡清,35,24579,與雲室廷玉先生書,致書Y,雲室廷玉先生,,,,,,齋蔡先生文集:五卷,28043,2
344,蔡清,36,24579,復王希文憲僉書,答Y書,王純,126658,2,,,,齋蔡先生文集:五卷,28043,2
345,蔡清,38,24579,復林居魯書,答Y書,林沂,128589,,,,,齋蔡先生文集:五卷,28043,2
346,蔡清,39,24579,與梅一之書,致書Y,梅純,130247,,,,,齋蔡先生文集:五卷,28043,2
347,蔡清,40,24579,與林允曄柬,致書Y,林允曄柬,,2,,,,齋蔡先生文集:五卷,28043,2
348,蔡清,42,24579,與楊君謙書,致書Y,楊循吉,35126,,,,,齋蔡先生文集:五卷,28043,2
349,蔡清,43,24579,與喬希大書,致書Y,喬宇,68219,,,,,齋蔡先生文集:五卷,28043,2
350,蔡清,44,24579,復楊方正書,答Y書,楊方正,,,,,,齋蔡先生文集:五卷,28043,2
351,蔡清,45,24579,與嚴州諸友書,致書Y,嚴州諸友,,,,,,齋蔡先生文集:五卷,28043,2
352,蔡清,46,24579,復儲靜夫書,答Y書,儲瓘,122987,,,,,齋蔡先生文集:五卷,28043,2
353,蔡清,47,24579,與饒侍御書,致書Y,饒侍御,,2,,,,齋蔡先生文集:五卷,28043,2
354,蔡清,48,24579,與李宗一書,致書Y,李宗一,,,,,,齋蔡先生文集:五卷,28043,2
355,蔡清,50,24579,淮上與周公載員外書,致書Y,周軫,128881,,,,,齋蔡先生文集:五卷,28043,2
356,蔡清,51,24579,寄王懋學書,致書Y,王鴻儒,33864,,,,,齋蔡先生文集:五卷,28043,2
357,蔡清,52,24579,與司馬張先生書,致書Y,司馬張先生,,,,,,齋蔡先生文集:五卷,28043,2
358,蔡清,53,24579,寄鄒汝愚書,致書Y,鄒智,34600,,,,,齋蔡先生文集:五卷,28043,2
359,蔡清,54,24579,與雲室德緒賢弟書,致書Y,雲室德緒賢弟,,,,,,齋蔡先生文集:五卷,28043,2
360,蔡清,55,24579,與董遵道書,致書Y,董遵道,,,,,,齋蔡先生文集:五卷,28043,2
361,蔡清,56,24579,與楊實夫書,致書Y,楊果,131792,,,,,齋蔡先生文集:五卷,28043,2
362,蔡清,57,24579,與江西黃提學書,致書Y,江西黃提學,,,,,,齋蔡先生文集:五卷,28043,2
363,蔡清,58,24579,與倪上舍書,致書Y,倪上舍,,,,,,齋蔡先生文集:五卷,28043,2
364,蔡清,59,24579,與徐方伯書,致書Y,徐方伯,,,,,,齋蔡先生文集:五卷,28043,2
365,蔡清,60,24579,復鄭廷綱提學書,答Y書,鄭紀,34525,2,,,,齋蔡先生文集:五卷,28043,2
366,蔡清,62,24579,謝姜太守書,致書Y,姜太守,,,,,,齋蔡先生文集:五卷,28043,2
367,蔡清,63,24579,與侍御朱茂恭先生書,致書Y,侍御朱茂恭先生,,,,,,齋蔡先生文集:五卷,28043,2
368,蔡清,64,24579,寄周汝厚書,致書Y,周汝厚,,,,,,齋蔡先生文集:五卷,28043,2
369,蔡清,65,24579,與徐大參書,致書Y,徐大參,,,,,,齋蔡先生文集:五卷,28043,2
370,蔡清,66,24579,託焦侍講焦侍講書,致書Y,焦侍講,,,,,,齋蔡先生文集:五卷,28043,2
371,蔡清,67,24579,與劉咸栗書,致書Y,劉玉,67710,,,,,齋蔡先生文集:五卷,28043,2
372,蔡清,68,24579,奉新淦周先生書,致書Y,新淦周先生,,,,,,齋蔡先生文集:五卷,28043,2
373,蔡清,69,24579,寄莆田劉子賢書,致書Y,劉孟,132753,,,,,齋蔡先生文集:五卷,28043,2
374,蔡清,70,24579,與周時霖大尹書,致書Y,周時霖大尹,,,,,,齋蔡先生文集:五卷,28043,2
375,蔡清,71,24579,寄鄭仲平書,致書Y,鄭仲平,,,,,,齋蔡先生文集:五卷,28043,2
376,蔡清,72,24579,託周紹立推官周紹立推官書,致書Y,周進隆,128885,2,,,,齋蔡先生文集:五卷,28043,2
377,蔡清,74,24579,與游太守書,致書Y,游太守,,,,,,齋蔡先生文集:五卷,28043,2
378,蔡清,75,24579,寄蕭山嫂,致書Y,蕭山嫂,,,,,,齋蔡先生文集:五卷,28043,2
379,蔡清,76,24579,寓徐州寄存畏,致書Y,存畏,,,,,,齋蔡先生文集:五卷,28043,2
380,謝鐸,1,67166,復金尚義34,答Y書,金忠,66940,,,,,桃溪淨稿:八十四卷,16908,34
381,謝鐸,2,67166,與袁大尹德純,致書Y,袁大尹德純,,,,,,桃溪淨稿:八十四卷,16908,34
382,謝鐸,3,67166,與陳儒珍,致書Y,陳儒珍,,,,,,桃溪淨稿:八十四卷,16908,34
383,謝鐸,4,67166,答陳士賢,答Y書,陳選,67109,,,,,桃溪淨稿:八十四卷,16908,34
384,謝鐸,5,67166,與陸鼎儀,致書Y,陸鉞,130753,,,,,桃溪淨稿:八十四卷,16908,34
385,謝鐸,6,67166,奉答太守叔父論祠祭書,答Y書,太守叔父論祠祭,,,,,,桃溪淨稿:八十四卷,16908,34
386,謝鐸,7,67166,答黄文選世顯,答Y書,黄文選世顯,,,,,,桃溪淨稿:八十四卷,16908,34
387,謝鐸,8,67166,□李侍講賓之□李侍講賓之,致書Y,□李侍講賓之,,,,,,桃溪淨稿:八十四卷,16908,34
388,謝鐸,9,67166,與同年羅明仲諸公,致書Y,羅璟,66807,,,,,桃溪淨稿:八十四卷,16908,34
389,謝鐸,10,67166,答陳士賢廉憲,答Y書,陳選,67109,,,,,桃溪淨稿:八十四卷,16908,34
390,謝鐸,11,67166,奉答四叔父,答Y書,四叔父,,,,,,桃溪淨稿:八十四卷,16908,34
391,謝鐸,12,67166,與黄選部世顯,致書Y,黃曜,66896,,,,,桃溪淨稿:八十四卷,16908,34
392,謝鐸,13,67166,與林一中僉憲,致書Y,林克賢,128592,,,,,桃溪淨稿:八十四卷,16908,34
393,謝鐸,14,67166,答李賓之,答Y書,李東陽,28691,10,,,,桃溪淨稿:八十四卷,16908,35
394,謝鐸,15,67166,復汝脩進士,答Y書,汝脩進士,,,,,,桃溪淨稿:八十四卷,16908,35
395,謝鐸,16,67166,復林一中,答Y書,林克賢,128592,,,,,桃溪淨稿:八十四卷,16908,35
396,謝鐸,17,67166,復陳德脩,答Y書,陳道,130939,,,,,桃溪淨稿:八十四卷,16908,35
397,謝鐸,18,67166,復姜漳州,答Y書,姜漳州,,,,,,桃溪淨稿:八十四卷,16908,35
398,謝鐸,19,67166,復陳師召先生,答Y書,陳音,67784,,,,,桃溪淨稿:八十四卷,16908,35
399,謝鐸,20,67166,復陸鼎儀先生,答Y書,陸鉞,130753,,,,,桃溪淨稿:八十四卷,16908,35
400,謝鐸,21,67166,與蕭文明給事,致書Y,蕭遍,133348,,,,,桃溪淨稿:八十四卷,16908,35
401,謝鐸,22,67166,復黄通政世顯,答Y書,黃曜,66896,2,,,,桃溪淨稿:八十四卷,16908,35
402,謝鐸,23,67166,與古直存敬,致書Y,古直存敬,,,,,,桃溪淨稿:八十四卷,16908,35
403,謝鐸,24,67166,答林克冲給事,答Y書,林霄,128647,,,,,桃溪淨稿:八十四卷,16908,35
404,謝鐸,25,67166,與黄汝脩,致書Y,黄汝脩,,,,,,桃溪淨稿:八十四卷,16908,35
405,謝鐸,26,67166,復黄世顯,答Y書,黄世顯,,,,,,桃溪淨稿:八十四卷,16908,35
406,謝鐸,27,67166,復葉太守崇禮,答Y書,葉太守崇禮,,,,,,桃溪淨稿:八十四卷,16908,35
407,謝鐸,28,67166,復王允逹,答Y書,王允逹,,,,,,桃溪淨稿:八十四卷,16908,35
408,謝鐸,29,67166,與章德懋,致書Y,章懋,34532,,,,,桃溪淨稿:八十四卷,16908,35
409,謝鐸,30,67166,復時雍劉大叅,答Y書,時雍劉大叅,,,,,,桃溪淨稿:八十四卷,16908,35
410,謝鐸,33,67166,復倪學士舜咨,答Y書,倪學士舜咨,,,,,,桃溪淨稿:八十四卷,16908,36
411,謝鐸,34,67166,復戴武庫師文,答Y書,戴武庫師文,,,,,,桃溪淨稿:八十四卷,16908,36
412,謝鐸,35,67166,復王秋官存敬,答Y書,王弼,126707,,,,,桃溪淨稿:八十四卷,16908,36
413,謝鐸,36,67166,與張大叅實,致書Y,張大叅實,,,,,,桃溪淨稿:八十四卷,16908,36
414,謝鐸,37,67166,復張廷祥先生,答Y書,張元禎,67756,,,,,桃溪淨稿:八十四卷,16908,36
415,謝鐸,38,67166,與潘時用,致書Y,潘辰,66798,,,,,桃溪淨稿:八十四卷,16908,36
416,謝鐸,40,67166,吳提學原明,致書Y,吳提學原明,,,,,,桃溪淨稿:八十四卷,16908,36
417,謝鐸,41,67166,與李西涯學士,致書Y,李東陽,28691,3,,,,桃溪淨稿:八十四卷,16908,36
418,謝鐸,42,67166,復文宗儒太守37,答Y書,文林,34671,,,,,桃溪淨稿:八十四卷,16908,37
419,謝鐸,43,67166,復王景昭侍御,答Y書,王晟,67462,,,,,桃溪淨稿:八十四卷,16908,37
420,謝鐸,48,67166,與陳太守,致書Y,陳太守,,,,,,桃溪淨稿:八十四卷,16908,37
421,謝鐸,49,67166,復文太守,答Y書,文太守,,,,,,桃溪淨稿:八十四卷,16908,37
422,謝鐸,50,67166,繳林建平林建平書,致書Y,林建平,,,,,,桃溪淨稿:八十四卷,16908,37
423,謝鐸,51,67166,與陳太守,致書Y,陳太守,,,,,,桃溪淨稿:八十四卷,16908,37
424,謝鐸,53,67166,復傳體齋,答Y書,傳體齋,,,,,,桃溪淨稿:八十四卷,16908,37
425,謝鐸,54,67166,與周編脩,致書Y,周編脩,,,,,,桃溪淨稿:八十四卷,16908,37
426,謝鐸,55,67166,復王濟之,答Y書,王鏊,34579,,,,,桃溪淨稿:八十四卷,16908,38
427,謝鐸,56,67166,復余秋崖高南,答Y書,余秋崖高南,,,,,,桃溪淨稿:八十四卷,16908,38
428,謝鐸,57,67166,與羅祭酒明仲,致書Y,羅祭酒明仲,,,,,,桃溪淨稿:八十四卷,16908,38
429,謝鐸,58,67166,與張廷祥先生,致書Y,張元禎,67756,,,,,桃溪淨稿:八十四卷,16908,38
430,謝鐸,58,67166,復吳原慱侍郎,答Y書,吳原慱侍郎,,,,,,桃溪淨稿:八十四卷,16908,38
431,謝鐸,58,67166,復李兆先,答Y書,李兆先,,,,,,桃溪淨稿:八十四卷,16908,38
432,謝鐸,58,67166,與黄大尹,致書Y,黄大尹,,,,,,桃溪淨稿:八十四卷,16908,38
433,謝鐸,58,67166,復潘南屏,答Y書,潘辰,66798,2,,,,桃溪淨稿:八十四卷,16908,38
434,謝鐸,58,67166,與陳太守,致書Y,陳太守,,,,,,桃溪淨稿:八十四卷,16908,38
435,謝鐸,58,67166,復叅政周季麟,答Y書,叅政周季麟,,,,,,桃溪淨稿:八十四卷,16908,38
436,謝鐸,58,67166,復黄世顯侍郎,答Y書,黄世顯侍郎,,,,,,桃溪淨稿:八十四卷,16908,38
437,謝鐸,58,67166,復傳體齋,答Y書,傳體齋,,,,,,桃溪淨稿:八十四卷,16908,38
438,謝鐸,58,67166,復謝木齋,答Y書,謝遷,34576,,,,,桃溪淨稿:八十四卷,16908,38
439,謝鐸,58,67166,復章秉略,答Y書,章秉略,,,,,,桃溪淨稿:八十四卷,16908,38
440,謝鐸,58,67166,再復章進士秉略,答Y書,章進士秉略,,,,,,桃溪淨稿:八十四卷,16908,39
441,謝鐸,58,67166,復韓吏吏部貫道,答Y書,韓吏吏部貫道,,,,,,桃溪淨稿:八十四卷,16908,39
442,賀欽,1,34573,簡石齋陳先生,致書Y,陳獻章,29570,7,,,,"醫閭先生集:九卷,附錄一卷",28426,5
443,賀欽,8,34573,簡同年會元章翰林,致書Y,同年會元章翰林,,,,,,"醫閭先生集:九卷,附錄一卷",28426,5
444,賀欽,9,34573,簡同年鄭克脩御史一,致書Y,同年鄭克脩御史一,,3,,,,"醫閭先生集:九卷,附錄一卷",28426,5
445,賀欽,12,34573,簡同年羅一峯先生,致書Y,羅倫,34531,,,,,"醫閭先生集:九卷,附錄一卷",28426,5
446,賀欽,13,34573,書中别,致書Y,書中别,,,,,,"醫閭先生集:九卷,附錄一卷",28426,5
447,賀欽,14,34573,簡羅一峯之子子,致書Y,羅倫,34531,,,,,"醫閭先生集:九卷,附錄一卷",28426,5
448,賀欽,15,34573,簡陳都憲,致書Y,陳都憲,,,,,,"醫閭先生集:九卷,附錄一卷",28426,5
449,賀欽,16,34573,寄族兄弟,致書Y,族兄弟,,,,,,"醫閭先生集:九卷,附錄一卷",28426,5
450,賀欽,17,34573,寄族姪,致書Y,族姪,,,,,,"醫閭先生集:九卷,附錄一卷",28426,5
451,賀欽,18,34573,示諸子示諸子,致書Y,示諸子,,,,,,"醫閭先生集:九卷,附錄一卷",28426,5
452,賀欽,19,34573,簡李叅戎,致書Y,李叅戎,,,,,,"醫閭先生集:九卷,附錄一卷",28426,5
453,賀欽,20,34573,寄韓良弼公子,致書Y,韓良弼公子,,2,,,,"醫閭先生集:九卷,附錄一卷",28426,5
454,賀欽,22,34573,簡傅叙父大人,致書Y,傅叙父大人,,,,,,"醫閭先生集:九卷,附錄一卷",28426,6
455,賀欽,23,34573,與王天申伯伯兄,致書Y,王天申伯伯兄,,,,,,"醫閭先生集:九卷,附錄一卷",28426,6
456,賀欽,24,34573,與王天申,致書Y,王天申,,,,,,"醫閭先生集:九卷,附錄一卷",28426,6
457,賀欽,25,34573,書中别紙,致書Y,書中别紙,,,,,,"醫閭先生集:九卷,附錄一卷",28426,6
458,賀欽,26,34573,答纂脩高進士,答Y書,纂脩高進士,,,,,,"醫閭先生集:九卷,附錄一卷",28426,6
459,賀欽,27,34573,示鄉人示鄉人,致書Y,示鄉人,,,,,,"醫閭先生集:九卷,附錄一卷",28426,6
460,賀欽,28,34573,簡阮鄉親,致書Y,阮鄉親,,,,,,"醫閭先生集:九卷,附錄一卷",28426,6
461,賀欽,29,34573,簡同年大司成林亨人,致書Y,同年大司成林亨人,,,,,,"醫閭先生集:九卷,附錄一卷",28426,6
462,賀欽,30,34573,寄光禄時文文泰,致書Y,光禄時文文泰,,,,,,"醫閭先生集:九卷,附錄一卷",28426,6
463,賀欽,31,34573,簡都閫王公一,致書Y,都閫王公一,,,,,,"醫閭先生集:九卷,附錄一卷",28426,6
464,賀欽,32,34573,簡都閫王公一,致書Y,都閫王公一,,,,,,"醫閭先生集:九卷,附錄一卷",28426,6
465,賀欽,33,34573,簡馬揮使,致書Y,馬揮使,,,,,,"醫閭先生集:九卷,附錄一卷",28426,6
466,賀欽,34,34573,與鄧都閫,致書Y,鄧都閫,,,,,,"醫閭先生集:九卷,附錄一卷",28426,6
467,賀欽,35,34573,書東萊格言後以勸鄉人,致書Y,書東萊格言後以勸鄉人,,,,,,"醫閭先生集:九卷,附錄一卷",28426,6
468,賀欽,36,34573,簡揮使馬伯初,致書Y,揮使馬伯初,,,,,,"醫閭先生集:九卷,附錄一卷",28426,6
469,賀欽,37,34573,與馬生翔,致書Y,馬生翔,,,,,,"醫閭先生集:九卷,附錄一卷",28426,6
470,賀欽,38,34573,書李漢章遺行于其挽卷,致書Y,李炯然,198671,,,,,"醫閭先生集:九卷,附錄一卷",28426,6
471,賀欽,39,34573,贈少德范進士贈少德范進士,致書Y,贈少德范進士,,,,,,"醫閭先生集:九卷,附錄一卷",28426,6
472,賀欽,40,34573,書羅生君行仁政斯民親其上死其長題目,致書Y,書羅生君行仁政斯民親其上,,,,,,"醫閭先生集:九卷,附錄一卷",28426,6
473,賀欽,42,34573,簡同年熊汝明,致書Y,熊繡,67997,,,,,"醫閭先生集:九卷,附錄一卷",28426,6
474,賀欽,43,34573,與史揮使國章,致書Y,史揮使國章,,,,,,"醫閭先生集:九卷,附錄一卷",28426,6
475,賀欽,44,34573,與鄧都閫,致書Y,鄧都閫,,,,,,"醫閭先生集:九卷,附錄一卷",28426,6
476,賀欽,45,34573,與士諮帖字字,致書Y,士諮帖字字,,,,,,"醫閭先生集:九卷,附錄一卷",28426,6
477,賀欽,46,34573,與韋中貴書,致書Y,韋中貴,,,,,,"醫閭先生集:九卷,附錄一卷",28426,6
478,賀欽,47,34573,與陳聲之,致書Y,陳聲之,,,,,,"醫閭先生集:九卷,附錄一卷",28426,7
479,賀欽,48,34573,錄世衡射法書其後以告陳聲之,致書Y,書其後以告陳聲之,,,,,,"醫閭先生集:九卷,附錄一卷",28426,7
480,徐禎卿,1,33842,與李獻吉論文書,致書Y,李夢陽,34624,2,,,,徐昌穀全集16卷,40316,14
481,徐禎卿,2,33842,答李獻吉書,答Y書,李夢陽,34624,,,,,徐昌穀全集16卷,40316,14
482,徐禎卿,4,33842,復文溫州書,答Y書,文溫州,,,,,,徐昌穀全集16卷,40316,14
483,徐禎卿,5,33842,與劉字朱,致書Y,劉字朱,,,,,,徐昌穀全集16卷,40316,14
484,李東陽,1,28691,與蔣宗誼書書,致書Y,蔣誼,132571,,,,,懷麓堂文藁,23655,14
485,李東陽,2,28691,與李士常書,致書Y,李經,127966,,,,,懷麓堂文藁,23655,14
486,李東陽,3,28691,與文宗儒,致書Y,文林,34671,,,,,懷麓堂文藁,23655,14
487,李東陽,4,28691,再與文宗儒書,致書Y,文林,34671,,,,,懷麓堂文藁,23655,14
488,李東陽,5,28691,與楊應寧書,致書Y,楊一清,68260,,,,,懷麓堂文藁,23655,14
489,李東陽,6,28691,與顧天鍚書,致書Y,顧天鍚,,,,,,懷麓堂文藁,23655,14
490,李東陽,7,28691,復愚得謝大守先生書,答Y書,謝省,133173,,,,,懷麓堂文藁,23655,14
491,李東陽,8,28691,答鏡川先生書,答Y書,鏡川先生,,,,,,懷麓堂文藁,23655,14
492,李東陽,9,28691,再答鏡川先生書,答Y書,鏡川先生,,,,,,懷麓堂文藁,23655,14
493,李東陽,10,28691,慰方石先生書,致書Y,方石先生,,2,,,,懷麓堂文藁,23655,14
494,李東陽,12,28691,與羅氷玉先生書,致書Y,羅氷玉先生,,,,,,懷麓堂文藁,23655,14
495,李東陽,13,28691,與李白洲提學書,致書Y,李白洲提學,,,,,,懷麓堂文藁,23655,14
496,李東陽,14,28691,與劉方伯書,致書Y,劉方伯,,,,,,懷麓堂文藁,23655,14
497,李東陽,15,28691,再與方石先生書,致書Y,方石先生,,,,,,懷麓堂文藁,23655,14
498,李東陽,16,28691,與鶴溪潘先生書,致書Y,鶴溪潘先生,,,,,,懷麓堂文藁,23655,14
499,李東陽,17,28691,與姜貞菴書,致書Y,姜諒,128977,,,,,懷麓堂文藁,23655,14
500,李東陽,18,28691,奉僕菴先生書,致書Y,僕菴先生,,,,,,懷麓堂文藁,23655,14
501,李東陽,19,28691,答愧齋先生書,答Y書,陳音,67784,,,,,懷麓堂文藁,23655,14
502,李東陽,20,28691,與潘南屏手柬四首,致書Y,潘辰,66798,,,,,懷麓堂文藁,23655,14
503,李東陽,21,28691,與楊邃菴書八首,致書Y,楊一清,68260,,,,,懷麓堂文藁,23655,14
504,李東陽,22,28691,答南京吏部王公書,答Y書,南京吏部王公,,,,,,懷麓堂文後稿,23656,10
505,李東陽,23,28691,與方石先生書,致書Y,方石先生,,,,,,懷麓堂文後稿,23656,10
506,李東陽,24,28691,奉謙齋徐先生書,致書Y,徐溥,34520,,,,,懷麓堂文後稿,23656,10
507,李東陽,25,28691,與殷通判表兄書,致書Y,殷通判表兄,,,,,,懷麓堂文後稿,23656,10
508,李東陽,26,28691,與劉東山書,致書Y,劉大夏,67777,,,,,懷麓堂文後稿,23656,10
509,李東陽,27,28691,與錢與謙書,致書Y,錢與,,,,,,懷麓堂文後稿,23656,10
510,李東陽,28,28691,與廵按王御史書,致書Y,廵按王御史,,,,,,懷麓堂文後稿,23656,10
511,李東陽,29,28691,與東山劉都憲書,致書Y,劉大夏,67777,,,,,懷麓堂文後稿,23656,10
512,李東陽,30,28691,與闔族書,致書Y,闔族,,,,,,懷麓堂文後稿,23656,10
513,李東陽,31,28691,再與合族書,致書Y,合族,,,,,,懷麓堂文後稿,23656,10
514,李東陽,32,28691,復合族書,答Y書,合族,,,,,,懷麓堂文後稿,23656,10
515,李東陽,33,28691,與韓方伯書,致書Y,韓方伯,,,,,,懷麓堂文後稿,23656,10
516,李東陽,34,28691,答楊邃菴書,答Y書,楊一清,68260,,,,,懷麓堂文後稿,23656,10
517,李東陽,35,28691,復徐都憲書,答Y書,徐都憲,,,,,,懷麓堂文後稿,23656,10
518,李東陽,36,28691,與陳提學書,致書Y,陳提學,,,,,,懷麓堂文後稿,23656,10
519,李東陽,37,28691,與衍聖公書,致書Y,衍聖公,,,,,,懷麓堂文後稿,23656,10
520,李東陽,38,28691,復松露周先生生書,答Y書,松露周先生生,,,,,,懷麓堂文後稿,23656,10
521,李東陽,39,28691,答章祭酒德懋書,答Y書,章祭酒德懋,,,,,,懷麓堂文後稿,23656,10
522,李東陽,40,28691,復謝方石書,答Y書,謝鐸,67166,,,,,懷麓堂文後稿,23656,10
523,李東陽,41,28691,與王守溪書,致書Y,王鏊,34579,,,,,懷麓堂文後稿,23656,10
524,李東陽,42,28691,與汪抑之書,致書Y,汪俊,68083,,,,,懷麓堂文後稿,23656,10
525,李東陽,43,28691,與吳克温學士書,致書Y,吳儼,34596,,,,,懷麓堂文後稿,23656,10
526,李東陽,44,28691,與沈亞卿書,致書Y,沈亞卿,,,,,,懷麓堂文後稿,23656,10
527,李東陽,45,28691,與東山劉先生書,致書Y,劉大夏,67777,,,,,懷麓堂文後稿,23656,10
528,李東陽,46,28691,與林侍用書,致書Y,林侍用,,,,,,懷麓堂文後稿,23656,10
529,李東陽,47,28691,與孫志同大宰書,致書Y,孫交,68220,,,,,懷麓堂文後稿,23656,10
530,李東陽,48,28691,與陳德卿書,致書Y,陳邦修,130837,,,,,懷麓堂文後稿,23656,10
531,李東陽,49,28691,與東山劉先生書,致書Y,劉大夏,67777,,,,,懷麓堂文後稿,23656,10
532,李東陽,50,28691,答喬希大書,答Y書,喬宇,68219,,,,,懷麓堂文後稿,23656,10
533,李東陽,51,28691,再答喬希大書,答Y書,喬宇,68219,,,,,懷麓堂文後稿,23656,10
534,張吉,1,34592,與鍾提學書,致書Y,鍾提學,,,,,,古城集6卷,28509,4
535,張吉,2,34592,與陳方伯書,致書Y,陳方伯,,,,,,古城集6卷,28509,4
536,張吉,3,34592,與程內翰正之書,致書Y,程內翰正之,,,,,,古城集6卷,28509,4
537,張吉,4,34592,與劉大參書,致書Y,劉大參,,,,,,古城集6卷,28509,4
538,張吉,5,34592,答黃提學書,答Y書,黃提學,,,,,,古城集6卷,28509,4
539,張吉,6,34592,答鄒汝愚書,答Y書,鄒智,34600,,,,,古城集6卷,28509,4
540,張吉,7,34592,與陳夢詳書,致書Y,陳夢詳,,,,,,古城集6卷,28509,4
541,張吉,8,34592,上李閣老小啟,致書Y,李閣老小啟,,,,,,古城集6卷,28509,4
542,林光,1,128585,奉陳石齋先生,致書Y,陳獻章,29570,29,,,,南川冰蘗全集12卷首1卷末1卷目錄2卷,40314,4
543,林光,4,128585,與黎叔馨,致書Y,黎叔馨,,,,,,南川冰蘗全集12卷首1卷末1卷目錄2卷,40314,4
544,林光,15,128585,奉惠州吳郡守,致書Y,惠州吳郡守,,,,,,南川冰蘗全集12卷首1卷末1卷目錄2卷,40314,4
545,林光,16,128585,謝憲副余伯輔,致書Y,憲副余伯輔,,,,,,南川冰蘗全集12卷首1卷末1卷目錄2卷,40314,4
546,林光,17,128585,與伍光宇,致書Y,伍雲,67015,,,,,南川冰蘗全集12卷首1卷末1卷目錄2卷,40314,4
547,林光,18,128585,復涂憲副,答Y書,涂憲副,,,,,,南川冰蘗全集12卷首1卷末1卷目錄2卷,40314,4
548,林光,19,128585,復莊子穎,答Y書,莊子穎,,,,,,南川冰蘗全集12卷首1卷末1卷目錄2卷,40314,4
549,林光,20,128585,徐何時矩徐何時矩,致書Y,徐何時矩,,,,,,南川冰蘗全集12卷首1卷末1卷目錄2卷,40314,4
550,林光,23,128585,與袁德純大尹,致書Y,袁道,129662,,,,,南川冰蘗全集12卷首1卷末1卷目錄2卷,40314,4
551,林光,25,128585,與黎叔馨,致書Y,黎叔馨,,,,,,南川冰蘗全集12卷首1卷末1卷目錄2卷,40314,4
552,林光,26,128585,奉羅一峯先生,致書Y,羅倫,34531,,,,,南川冰蘗全集12卷首1卷末1卷目錄2卷,40314,4
553,林光,29,128585,與廖欽止,致書Y,廖欽止,,,,,,南川冰蘗全集12卷首1卷末1卷目錄2卷,40314,4
554,林光,30,128585,復朱都憲先生,答Y書,朱都憲先生,,,,,,南川冰蘗全集12卷首1卷末1卷目錄2卷,40314,4
555,林光,31,128585,奉提學僉憲胡先生,致書Y,提學僉憲胡先生,,,,,,南川冰蘗全集12卷首1卷末1卷目錄2卷,40314,4
556,林光,32,128585,復朱都憲,答Y書,朱都憲,,,,,,南川冰蘗全集12卷首1卷末1卷目錄2卷,40314,4
557,林光,33,128585,復鍾美宣,答Y書,鍾晟,199159,,,,,南川冰蘗全集12卷首1卷末1卷目錄2卷,40314,4
558,林光,34,128585,復陳粹之僉憲,答Y書,陳琦,130917,,,,,南川冰蘗全集12卷首1卷末1卷目錄2卷,40314,4
559,林光,37,128585,復倪聖祥揮使,答Y書,倪聖祥揮使,,,,,,南川冰蘗全集12卷首1卷末1卷目錄2卷,40314,4
560,林光,38,128585,與李掌敎,致書Y,李掌敎,,,,,,南川冰蘗全集12卷首1卷末1卷目錄2卷,40314,4
561,林光,39,128585,與李明府,致書Y,李明府,,,,,,南川冰蘗全集12卷首1卷末1卷目錄2卷,40314,4
562,林光,40,128585,奉朱都憲先生,致書Y,朱都憲先生,,,,,,南川冰蘗全集12卷首1卷末1卷目錄2卷,40314,4
563,林光,41,128585,與容一之,致書Y,容一之,,,,,,南川冰蘗全集12卷首1卷末1卷目錄2卷,40314,4
564,林光,42,128585,與羅清清極,致書Y,羅清清極,,,,,,南川冰蘗全集12卷首1卷末1卷目錄2卷,40314,4
565,林光,45,128585,奉張内翰,致書Y,張内翰,,,,,,南川冰蘗全集12卷首1卷末1卷目錄2卷,40314,4
566,林光,46,128585,與丁明府,致書Y,丁明府,,,,,,南川冰蘗全集12卷首1卷末1卷目錄2卷,40314,4
567,林光,47,128585,復陳石齋先生,答Y書,陳獻章,29570,2,,,,南川冰蘗全集12卷首1卷末1卷目錄2卷,40314,4
568,林光,49,128585,答袁德純大尹,答Y書,袁道,129662,,,,,南川冰蘗全集12卷首1卷末1卷目錄2卷,40314,4
569,林光,50,128585,與方彦卿大尹,致書Y,方彦卿大尹,,,,,,南川冰蘗全集12卷首1卷末1卷目錄2卷,40314,4
570,林光,51,128585,與梅侍郎,致書Y,梅侍郎,,,,,,南川冰蘗全集12卷首1卷末1卷目錄2卷,40314,4
571,林光,52,128585,奉胡憲副先生,致書Y,胡憲副先生,,,,,,南川冰蘗全集12卷首1卷末1卷目錄2卷,40314,4
572,林光,53,128585,與倪聖祥揮使,致書Y,倪聖祥揮使,,,,,,南川冰蘗全集12卷首1卷末1卷目錄2卷,40314,4
573,林光,54,128585,與安揮使,致書Y,安揮使,,,,,,南川冰蘗全集12卷首1卷末1卷目錄2卷,40314,4
574,林光,55,128585,與張廷實,致書Y,張詡,29573,4,,,,南川冰蘗全集12卷首1卷末1卷目錄2卷,40314,4
575,林光,56,128585,與丁彦誠明府,致書Y,丁彦誠明府,,,,,,南川冰蘗全集12卷首1卷末1卷目錄2卷,40314,4
576,林光,57,128585,與馬默齋,致書Y,馬默齋,,,,,,南川冰蘗全集12卷首1卷末1卷目錄2卷,40314,4
577,林光,59,128585,復丁大尹,答Y書,丁大尹,,,,,,南川冰蘗全集12卷首1卷末1卷目錄2卷,40314,4
578,林光,60,128585,與何時矩,致書Y,何時矩,,,,,,南川冰蘗全集12卷首1卷末1卷目錄2卷,40314,4
579,林光,61,128585,復倪聖祥揮使,答Y書,倪聖祥揮使,,,,,,南川冰蘗全集12卷首1卷末1卷目錄2卷,40314,4
580,林光,62,128585,與安廷用揮使,致書Y,安廷用揮使,,,,,,南川冰蘗全集12卷首1卷末1卷目錄2卷,40314,4
581,林光,63,128585,與龍時復主事,致書Y,龍時復,,,,,,南川冰蘗全集12卷首1卷末1卷目錄2卷,40314,4
582,林光,64,128585,奉莊定山,致書Y,莊昶,67718,,,,,南川冰蘗全集12卷首1卷末1卷目錄2卷,40314,4
583,林光,65,128585,復周愉,答Y書,周愉,,,,,,南川冰蘗全集12卷首1卷末1卷目錄2卷,40314,4
584,林光,66,128585,奉徐郡守,致書Y,徐郡守,,,,,,南川冰蘗全集12卷首1卷末1卷目錄2卷,40314,4
585,林光,67,128585,與袁德純侍御,致書Y,袁道,129662,,,,,南川冰蘗全集12卷首1卷末1卷目錄2卷,40314,4
586,林光,68,128585,奉莊定山,致書Y,莊昶,67718,,,,,南川冰蘗全集12卷首1卷末1卷目錄2卷,40314,4
587,林光,69,128585,與梁升厚編修,致書Y,梁升厚編修,,,,,,南川冰蘗全集12卷首1卷末1卷目錄2卷,40314,4
588,林光,70,128585,與龍時復主事,致書Y,龍時復,,,,,,南川冰蘗全集12卷首1卷末1卷目錄2卷,40314,4
589,林光,71,128585,與楊景昌進士,致書Y,楊景昌進士,,,,,,南川冰蘗全集12卷首1卷末1卷目錄2卷,40314,4
590,林光,72,128585,與陳明之進士,致書Y,陳大章,130788,,,,,南川冰蘗全集12卷首1卷末1卷目錄2卷,40314,4
591,林光,74,128585,與袁藏用林子翼,致書Y,袁藏用林子翼,,,,,,南川冰蘗全集12卷首1卷末1卷目錄2卷,40314,4
592,林光,75,128585,與張兼素叅軍,致書Y,張黻,68223,,,,,南川冰蘗全集12卷首1卷末1卷目錄2卷,40314,4
593,林光,76,128585,與族弟秉之,致書Y,族弟秉之,,,,,,南川冰蘗全集12卷首1卷末1卷目錄2卷,40314,4
594,林光,77,128585,與族姪子翼,致書Y,族姪子翼,,,,,,南川冰蘗全集12卷首1卷末1卷目錄2卷,40314,4
595,林光,78,128585,與張東白内翰,致書Y,張元禎,67756,,,,,南川冰蘗全集12卷首1卷末1卷目錄2卷,40314,4
596,林光,79,128585,與劉時雍大叅,致書Y,劉大夏,67777,,,,,南川冰蘗全集12卷首1卷末1卷目錄2卷,40314,4
597,林光,81,128585,與蔣世欽中書,致書Y,蔣欽,200058,,,,,南川冰蘗全集12卷首1卷末1卷目錄2卷,40314,4
598,林光,85,128585,與安廷用揮使,致書Y,安廷用揮使,,,,,,南川冰蘗全集12卷首1卷末1卷目錄2卷,40314,5
599,林光,86,128585,復林居魯主事,答Y書,林沂,128589,2,,,,南川冰蘗全集12卷首1卷末1卷目錄2卷,40314,5
600,林光,88,128585,奉吳方伯,致書Y,吳方伯,,,,,,南川冰蘗全集12卷首1卷末1卷目錄2卷,40314,5
601,林光,89,128585,與許昌世僉憲,致書Y,許盛,199003,,,,,南川冰蘗全集12卷首1卷末1卷目錄2卷,40314,5
602,林光,90,128585,奉彭侍郎從吾先生,致書Y,彭侍郎從吾先生,,,,,,南川冰蘗全集12卷首1卷末1卷目錄2卷,40314,5
603,林光,91,128585,奉劉方伯,致書Y,劉方伯,,,,,,南川冰蘗全集12卷首1卷末1卷目錄2卷,40314,5
604,林光,92,128585,復吳主伯,答Y書,吳主伯,,,,,,南川冰蘗全集12卷首1卷末1卷目錄2卷,40314,5
605,林光,94,128585,與袁君望妻兄,致書Y,袁君望妻兄,,,,,,南川冰蘗全集12卷首1卷末1卷目錄2卷,40314,5
606,林光,95,128585,復黄仲昭提學僉憲,答Y書,黄仲昭提學僉憲,,,,,,南川冰蘗全集12卷首1卷末1卷目錄2卷,40314,5
607,林光,96,128585,與陸文東進士,致書Y,陸文東進士,,,,,,南川冰蘗全集12卷首1卷末1卷目錄2卷,40314,5
608,林光,97,128585,與姜仁夫秋官,致書Y,姜麟,128984,,,,,南川冰蘗全集12卷首1卷末1卷目錄2卷,40314,5
609,林光,98,128585,奉柳郡侯,致書Y,柳郡侯,,,,,,南川冰蘗全集12卷首1卷末1卷目錄2卷,40314,5
610,林光,99,128585,與張廷祥内翰,致書Y,張元禎,67756,,,,,南川冰蘗全集12卷首1卷末1卷目錄2卷,40314,5
611,林光,100,128585,奉柳郡侯,致書Y,柳郡侯,,,,,,南川冰蘗全集12卷首1卷末1卷目錄2卷,40314,5
612,林光,104,128585,與袁君望,致書Y,袁君望,,,,,,南川冰蘗全集12卷首1卷末1卷目錄2卷,40314,5
613,林光,105,128585,與過憲副,致書Y,過憲副,,,,,,南川冰蘗全集12卷首1卷末1卷目錄2卷,40314,5
614,林光,106,128585,奉莊定山,致書Y,莊昶,67718,,,,,南川冰蘗全集12卷首1卷末1卷目錄2卷,40314,5
615,林光,107,128585,與梧州張克修太守,致書Y,張吉,34592,,,,,南川冰蘗全集12卷首1卷末1卷目錄2卷,40314,5
616,林光,108,128585,與伍司訓,致書Y,伍司訓,,,,,,南川冰蘗全集12卷首1卷末1卷目錄2卷,40314,5
617,林光,109,128585,與陳子文,致書Y,陳子文,,,,,,南川冰蘗全集12卷首1卷末1卷目錄2卷,40314,5
618,林光,110,128585,與吳獻臣大尹,致書Y,吳廷擧,128179,,,,,南川冰蘗全集12卷首1卷末1卷目錄2卷,40314,5
619,林光,111,128585,與柯同府,致書Y,柯同府,,,,,,南川冰蘗全集12卷首1卷末1卷目錄2卷,40314,5
620,林光,112,128585,奉劉東山都憲,致書Y,劉大夏,67777,,,,,南川冰蘗全集12卷首1卷末1卷目錄2卷,40314,5
621,林光,113,128585,與李元善郎中,致書Y,李祥,127897,,,,,南川冰蘗全集12卷首1卷末1卷目錄2卷,40314,5
622,林光,114,128585,奉莊定山先生,致書Y,莊昶,67718,,,,,南川冰蘗全集12卷首1卷末1卷目錄2卷,40314,5
623,林光,116,128585,與吳縣鄺廷瑞明府,致書Y,鄺璠,133387,,,,,南川冰蘗全集12卷首1卷末1卷目錄2卷,40314,5
624,林光,117,128585,答周朝美掌敎,答Y書,周朝美掌敎,,,,,,南川冰蘗全集12卷首1卷末1卷目錄2卷,40314,5
625,林光,118,128585,與陸克潛大尹,致書Y,陸克潛大尹,,,,,,南川冰蘗全集12卷首1卷末1卷目錄2卷,40314,5
626,林光,119,128585,與陳明之秋官,致書Y,陳大章,130788,,,,,南川冰蘗全集12卷首1卷末1卷目錄2卷,40314,5
627,林光,120,128585,奉吳憲長,致書Y,吳憲長,,,,,,南川冰蘗全集12卷首1卷末1卷目錄2卷,40314,5
628,林光,121,128585,與淳安張鳯舉明府,致書Y,淳安張鳯舉明府,,,,,,南川冰蘗全集12卷首1卷末1卷目錄2卷,40314,5
629,林光,122,128585,又答張鳯舉明府,答Y書,張鳯舉明府,,,,,,南川冰蘗全集12卷首1卷末1卷目錄2卷,40314,5
630,林光,123,128585,與仲與立僉憲,致書Y,仲與,,,,,,南川冰蘗全集12卷首1卷末1卷目錄2卷,40314,5
631,林光,124,128585,奉徐司空,致書Y,徐司空,,,,,,南川冰蘗全集12卷首1卷末1卷目錄2卷,40314,5
632,林光,125,128585,奉屠元勲亞卿,致書Y,屠元勲亞卿,,,,,,南川冰蘗全集12卷首1卷末1卷目錄2卷,40314,5
633,林光,126,128585,與邠貢甫地曹,致書Y,邠貢甫地曹,,,,,,南川冰蘗全集12卷首1卷末1卷目錄2卷,40314,5
634,林光,127,128585,與陳仲彩,致書Y,陳仲彩,,,,,,南川冰蘗全集12卷首1卷末1卷目錄2卷,40314,5
635,林光,128,128585,與從弟永鍚,致書Y,從弟永鍚,,,,,,南川冰蘗全集12卷首1卷末1卷目錄2卷,40314,5
636,林光,129,128585,與周仲鳴進士,致書Y,周仲鳴進士,,,,,,南川冰蘗全集12卷首1卷末1卷目錄2卷,40314,5
637,林光,130,128585,與方純吉進士,致書Y,方純吉進士,,,,,,南川冰蘗全集12卷首1卷末1卷目錄2卷,40314,5
638,林光,131,128585,奉答唐王,答Y書,唐王,,,,,,南川冰蘗全集12卷首1卷末1卷目錄2卷,40314,5
639,林光,132,128585,奉祭酒謝先生,致書Y,祭酒謝,,,,,,南川冰蘗全集12卷首1卷末1卷目錄2卷,40314,5
640,林光,134,128585,與王綰秀才,致書Y,王綰秀才,,,,,,南川冰蘗全集12卷首1卷末1卷目錄2卷,40314,5
641,林光,135,128585,與常汝仁大叅,致書Y,常麟,200222,,,,,南川冰蘗全集12卷首1卷末1卷目錄2卷,40314,5
642,林光,136,128585,與曾世亨侍御,致書Y,曾大有,131230,,,,,南川冰蘗全集12卷首1卷末1卷目錄2卷,40314,5
643,林光,137,128585,奉相國李西涯先生,致書Y,李東陽,28691,,,,,南川冰蘗全集12卷首1卷末1卷目錄2卷,40314,5
644,林光,138,128585,與陳陳仲彩,致書Y,陳陳仲彩,,,,,,南川冰蘗全集12卷首1卷末1卷目錄2卷,40314,5
645,林光,139,128585,奉劉尚書東山先生,致書Y,劉大夏,67777,,,,,南川冰蘗全集12卷首1卷末1卷目錄2卷,40314,5
646,林光,140,128585,與張克修憲副,致書Y,張吉,34592,,,,,南川冰蘗全集12卷首1卷末1卷目錄2卷,40314,5
647,林光,141,128585,與聶巡按侍御,致書Y,聶巡按侍御,,,,,,南川冰蘗全集12卷首1卷末1卷目錄2卷,40314,5
648,林光,143,128585,與賀克叅黄門,致書Y,賀克叅黄門,,,,,,南川冰蘗全集12卷首1卷末1卷目錄2卷,40314,5
649,林光,144,128585,與莊國華國賓,致書Y,莊國華國賓,,,,,,南川冰蘗全集12卷首1卷末1卷目錄2卷,40314,5
650,林光,145,128585,與吳懋貞亞叅,致書Y,吳世忠,67945,,,,,南川冰蘗全集12卷首1卷末1卷目錄2卷,40314,5
651,林光,146,128585,與張叔亨少廷尉先生,致書Y,張泰,67971,,,,,南川冰蘗全集12卷首1卷末1卷目錄2卷,40314,5
652,林光,147,128585,與林衷龍泉大尹,致書Y,林衷龍泉大尹,,,,,,南川冰蘗全集12卷首1卷末1卷目錄2卷,40314,5
653,林光,148,128585,答少廷尉張升亨先生,答Y書,少廷尉張升亨先生,,,,,,南川冰蘗全集12卷首1卷末1卷目錄2卷,40314,5
654,林光,149,128585,與王文哲都給事,致書Y,王縝,68275,,,,,南川冰蘗全集12卷首1卷末1卷目錄2卷,40314,5
655,林光,150,128585,答王文哲都給事,答Y書,王縝,68275,,,,,南川冰蘗全集12卷首1卷末1卷目錄2卷,40314,5
656,林光,151,128585,與錢世榮副郎,致書Y,錢世榮副郎,,,,,,南川冰蘗全集12卷首1卷末1卷目錄2卷,40314,5
657,林光,152,128585,奉朱方伯,致書Y,朱方伯,,,,,,南川冰蘗全集12卷首1卷末1卷目錄2卷,40314,5
658,林光,153,128585,與張東白學士,致書Y,張元禎,67756,,,,,南川冰蘗全集12卷首1卷末1卷目錄2卷,40314,5
659,林光,154,128585,奉劉司馬東山先生,致書Y,劉大夏,67777,,,,,南川冰蘗全集12卷首1卷末1卷目錄2卷,40314,5
660,林光,155,128585,奉孫都憲先生,致書Y,孫都憲先生,,,,,,南川冰蘗全集12卷首1卷末1卷目錄2卷,40314,5
661,林光,156,128585,奉答遼府湘陰王,答Y書,遼府湘陰王,,,,,,南川冰蘗全集12卷首1卷末1卷目錄2卷,40314,5
662,林光,157,128585,與彭主事,致書Y,彭主事,,,,,,南川冰蘗全集12卷首1卷末1卷目錄2卷,40314,5
663,林光,158,128585,與孫吉夫侍御,致書Y,孫吉夫侍御,,,,,,南川冰蘗全集12卷首1卷末1卷目錄2卷,40314,5
664,林光,159,128585,與屠元勲都憲,致書Y,屠元勲都憲,,,,,,南川冰蘗全集12卷首1卷末1卷目錄2卷,40314,5
665,林光,160,128585,與楊子山黄門,致書Y,楊一渶,131723,,,,,南川冰蘗全集12卷首1卷末1卷目錄2卷,40314,5
666,林光,161,128585,與孫志同少卿,致書Y,孫交,68220,,,,,南川冰蘗全集12卷首1卷末1卷目錄2卷,40314,5
667,林光,162,128585,與夏景煕正郎,致書Y,夏寅,67119,,,,,南川冰蘗全集12卷首1卷末1卷目錄2卷,40314,5
668,林光,163,128585,與胡大叅,致書Y,胡大叅,,,,,,南川冰蘗全集12卷首1卷末1卷目錄2卷,40314,5
669,何景明,1,34648,上冡宰許許公書中書,致書Y,許煥,386607,,,,,何大復\集38卷,28066,32
670,何景明,2,34648,上楊邃菴書,致書Y,楊一清,68260,,,,,何大復\集38卷,28066,32
671,何景明,3,34648,上李西涯書,致書Y,李東陽,28691,,,,,何大復\集38卷,28066,32
672,何景明,4,34648,與侯都閫書,致書Y,侯都閫,,,,,,何大復\集38卷,28066,32
673,何景明,5,34648,與寧兵備書,致書Y,寧兵備,,,,,,何大復\集38卷,28066,32
674,何景明,6,34648,與何粹夫書,致書Y,何瑭,34646,,,,,何大復\集38卷,28066,32
675,何景明,7,34648,與立空同論詩書,致書Y,立空同論詩,,,,,,何大復\集38卷,28066,32
676,何景明,8,34648,與李中丞書,致書Y,李中丞,,,,,,何大復\集38卷,28066,32
677,王鏊,1,34579,與人論攝生書36,致書Y,人論攝生,,,,,,王文恪公集:三十六卷,28039,36
678,王鏊,2,34579,復王巡撫,答Y書,王巡撫,,,,,,王文恪公集:三十六卷,28039,36
679,王鏊,3,34579,復尹太宰,答Y書,尹太宰,,,,,,王文恪公集:三十六卷,28039,36
680,王鏊,4,34579,與韓尚書,致書Y,韓尚,,,,,,王文恪公集:三十六卷,28039,36
681,王鏊,5,34579,復謝閣老書,答Y書,謝閣老,,,,,,王文恪公集:三十六卷,28039,36
682,王鏊,6,34579,與林都憲待用書,致書Y,林都憲待用,,,,,,王文恪公集:三十六卷,28039,36
683,王鏊,7,34579,與陸塚宰書,致書Y,陸塚宰,,,,,,王文恪公集:三十六卷,28039,36
684,王鏊,8,34579,復邵尚書書,答Y書,邵尚,,,,,,王文恪公集:三十六卷,28039,36
685,王鏊,9,34579,吳中賦稅書與巡撫李司空,致書Y,書與巡撫李司空,,,,,,王文恪公集:三十六卷,28039,36
686,王鏊,10,34579,與李司空論均徭賦,致書Y,李司空論均徭賦,,,,,,王文恪公集:三十六卷,28039,36
687,王鏊,11,34579,復巡撫李司空,答Y書,巡撫李司空,,2,,,,王文恪公集:三十六卷,28039,36
688,王鏊,13,34579,復邵二泉書,答Y書,邵寳,128560,3,,,,王文恪公集:三十六卷,28039,36
689,王鏊,14,34579,與王都憲懋中書,致書Y,王都憲懋中,,,,,,王文恪公集:三十六卷,28039,36
690,王鏊,16,34579,與某書,致書Y,某,,,,,,王文恪公集:三十六卷,28039,36
691,王鏊,18,34579,與林見素書,致書Y,林俊,24554,,,,,王文恪公集:三十六卷,28039,36
692,林俊,1,24554,答韓貫道侍郎,答Y書,韓文,67946,,,,,見素集28卷,7213,21
693,林俊,2,24554,奉謝木齋國老,致書Y,謝遷,34576,,,,,見素集28卷,7213,21
694,林俊,3,24554,寄韓侍郎,致書Y,韓侍郎,,,,,,見素集28卷,7213,21
695,林俊,4,24554,寄馬少傅,致書Y,馬少傅,,,,,,見素集28卷,7213,21
696,林俊,5,24554,復李仲易,答Y書,李仲易,,,,,,見素集28卷,7213,21
697,林俊,6,24554,寄韓少宰,致書Y,韓少宰,,,,,,見素集28卷,7213,21
698,林俊,7,24554,柬楊碧川柬楊碧川,致書Y,楊守阯,67790,,,,,見素集28卷,7213,21
699,林俊,8,24554,答林太宰先生,答Y書,林太宰先生,,,,,,見素集28卷,7213,21
700,林俊,9,24554,柬楊碧川柬楊碧川,致書Y,楊守阯,67790,,,,,見素集28卷,7213,21
701,林俊,10,24554,寄何少司宼廷秀,致書Y,何少司宼廷秀,,,,,,見素集28卷,7213,21
702,林俊,11,24554,寄陳志學太守,致書Y,陳效,200213,,,,,見素集28卷,7213,21
703,林俊,12,24554,寄馬鈞陽,致書Y,馬鈞陽,,,,,,見素集28卷,7213,21
704,林俊,13,24554,與大司徒吕先生,致書Y,大司徒吕先生,,,,,,見素集28卷,7213,21
705,林俊,14,24554,與松厓戴都憲,致書Y,松厓戴都憲,,,,,,見素集28卷,7213,21
706,林俊,15,24554,與謝方石先生,致書Y,謝鐸,67166,,,,,見素集28卷,7213,21
707,林俊,16,24554,寄徐大參廣賢,致書Y,徐大參廣賢,,,,,,見素集28卷,7213,21
708,林俊,17,24554,答黃都運,答Y書,黃都運,,,,,,見素集28卷,7213,21
709,林俊,18,24554,答文徵明,答Y書,文徵明,,,,,,見素集28卷,7213,21
710,林俊,19,24554,答彭美中,答Y書,彭美中,,,,,,見素集28卷,7213,21
711,林俊,20,24554,答方松厓,答Y書,方良永,34612,,,,,見素集28卷,7213,21
712,林俊,21,24554,寄陳大參唐憲副,致書Y,陳大參唐憲副,,,,,,見素集28卷,7213,21
713,林俊,22,24554,答費東湖閣老,答Y書,費東湖閣老,,,,,,見素集28卷,7213,21
714,林俊,23,24554,復王曰良憲長,答Y書,王金,126582,,,,,見素集28卷,7213,22
715,林俊,24,24554,答姚東泉方伯,答Y書,姚鏌,68196,,,,,見素集28卷,7213,22
716,林俊,25,24554,復黃都運,答Y書,黃都運,,,,,,見素集28卷,7213,22
717,林俊,26,24554,復王曰良,答Y書,王金,126582,,,,,見素集28卷,7213,22
718,林俊,27,24554,遷定啓遷定啓,致書Y,遷定啓,,,,,,見素集28卷,7213,22
719,林俊,28,24554,復胡士寧,答Y書,胡士寧,,,,,,見素集28卷,7213,22
720,林俊,29,24554,答胡侍御,答Y書,胡侍御,,,,,,見素集28卷,7213,22
721,林俊,30,24554,復馮郡伯,答Y書,馮郡伯,,,,,,見素集28卷,7213,22
722,林俊,31,24554,復陳峰湖,答Y書,陳峰湖,,,,,,見素集28卷,7213,22
723,林俊,32,24554,復王陽明,答Y書,王守仁,30374,2,,,,見素集28卷,7213,22
724,林俊,33,24554,與張廣漢,致書Y,張津,63402,,,,,見素集28卷,7213,22
725,林俊,34,24554,答程侍御,答Y書,程侍御,,,,,,見素集28卷,7213,22
726,林俊,35,24554,答楊邃庵,答Y書,楊一清,68260,,,,,見素集28卷,7213,22
727,林俊,36,24554,答鄭少谷,答Y書,鄭善夫,29591,,,,,見素集28卷,7213,22
728,林俊,37,24554,寄楊月湖,致書Y,楊月湖,,,,,,見素集28卷,7213,22
729,林俊,38,24554,答王天宇,答Y書,王承裕,67772,,,,,見素集28卷,7213,22
730,林俊,39,24554,啓泉山翁啓泉山翁,致書Y,啓泉山翁,,,,,,見素集28卷,7213,22
731,林俊,40,24554,答劉徳夫提學,答Y書,劉徳夫提學,,,,,,見素集28卷,7213,22
732,林俊,41,24554,答二泉,答Y書,邵寳,128560,,,,,見素集28卷,7213,22
733,林俊,42,24554,寄毛汝礪,致書Y,毛汝礪,,,,,,見素集28卷,7213,22
734,林俊,43,24554,與蔡我齋,致書Y,蔡宗兗,132588,,,,,見素集28卷,7213,22
735,林俊,44,24554,答孫徳成,答Y書,孫徳成,,,,,,見素集28卷,7213,22
736,林俊,45,24554,與馮行健,致書Y,馮行健,,,,,,見素集28卷,7213,22
737,林俊,46,24554,與席方伯,致書Y,席方伯,,,,,,見素集28卷,7213,22
738,林俊,47,24554,與馮郡伯,致書Y,馮郡伯,,,,,,見素集28卷,7213,23
739,林俊,48,24554,復潘孔修,答Y書,潘府,132318,,,,,見素集28卷,7213,23
740,林俊,49,24554,復蔡介夫,答Y書,蔡清,24579,4,,,,見素集28卷,7213,23
741,林俊,50,24554,寄陳東所,致書Y,陳東所,,,,,,見素集28卷,7213,23
742,林俊,51,24554,奉答書,答Y書,書,,,,,,見素集28卷,7213,23
743,林俊,52,24554,答西涯翁,答Y書,李東陽,28691,,,,,見素集28卷,7213,23
744,林俊,53,24554,答黃伯固,答Y書,黃鞏,68086,,,,,見素集28卷,7213,23
745,林俊,54,24554,與林泉山冡宰,致書Y,林瀚,67154,,,,,見素集28卷,7213,23
746,林俊,55,24554,寄楊石齋,致書Y,楊廷和,68092,,,,,見素集28卷,7213,23
747,林俊,56,24554,慰西涯翁慰西涯翁,致書Y,慰西涯翁,,,,,,見素集28卷,7213,23
748,林俊,57,24554,答黃伯固,答Y書,黃鞏,68086,,,,,見素集28卷,7213,23
749,林俊,58,24554,賀楊石齋賀楊石齋,致書Y,楊廷和,68092,,,,,見素集28卷,7213,23
750,林俊,59,24554,寄孫司徒,致書Y,孫司徒,,,,,,見素集28卷,7213,23
751,林俊,60,24554,寄邃庵,致書Y,楊一清,68260,,,,,見素集28卷,7213,23
752,林俊,61,24554,寄石齋,致書Y,陳獻章,29570,,,,,見素集28卷,7213,23
753,林俊,62,24554,復孫九峰司徒,答Y書,孫交,68220,,,,,見素集28卷,7213,23
754,林俊,63,24554,復劉文煥,答Y書,劉丙,67467,,,,,見素集28卷,7213,23
755,林俊,64,24554,復楊志仁,答Y書,楊茂元,67791,,,,,見素集28卷,7213,23
756,林俊,65,24554,復段僉憲,答Y書,段僉憲,,,,,,見素集28卷,7213,23
757,林俊,66,24554,慰楊月湖慰楊月湖,致書Y,慰楊月湖,,,,,,見素集28卷,7213,23
758,林俊,67,24554,寄邵二泉,致書Y,邵寳,128560,2,,,,見素集28卷,7213,23
759,林俊,68,24554,答張白齋郡伯,答Y書,張琦,130525,,,,,見素集28卷,7213,23
760,林俊,69,24554,逹孫大參逹孫大參,致書Y,逹孫大參,,,,,,見素集28卷,7213,23
761,林俊,70,24554,寄元老楊石齊,致書Y,元老楊石齊,,,,,,見素集28卷,7213,23
762,林俊,71,24554,寄蔣敬所閣老,致書Y,蔣冕,68073,,,,,見素集28卷,7213,23
763,林俊,72,24554,寄孫九峰,致書Y,孫交,68220,,,,,見素集28卷,7213,23
764,林俊,73,24554,寄陳原習侍御,致書Y,陳察,68338,,,,,見素集28卷,7213,23
765,林俊,74,24554,寄白巖,致書Y,喬宇,68219,,,,,見素集28卷,7213,23
766,林俊,75,24554,復趙司空,答Y書,趙司空,,,,,,見素集28卷,7213,23
767,林俊,76,24554,寄陽明,致書Y,王守仁,30374,2,,,,見素集28卷,7213,23
768,林俊,78,24554,寄章楓山大老,致書Y,章懋,34532,,,,,見素集28卷,7213,23
769,林俊,79,24554,答周充之,答Y書,周廣,68082,,,,,見素集28卷,7213,23
770,林俊,80,24554,寄彭幸庵孫九峰,致書Y,孫交,68220,,,,,見素集28卷,7213,23
771,林俊,82,24554,寄胡少宰,致書Y,胡少宰,,,,,,見素集28卷,7213,23
772,林俊,83,24554,寄李宫保,致書Y,李宫保,,,,,,見素集28卷,7213,23
773,林俊,84,24554,寄楊石齋,致書Y,楊廷和,68092,,,,,見素集28卷,7213,23
774,林俊,85,24554,答后峰,答Y書,劉祿,132872,,,,,見素集28卷,7213,23
775,林俊,87,24554,寄蔣閣老,致書Y,蔣閣老,,,,,,見素集28卷,7213,23
776,林俊,88,24554,寄楊石齋,致書Y,楊廷和,68092,,,,,見素集28卷,7213,23
777,林俊,89,24554,答趙司空,答Y書,趙司空,,,,,,見素集28卷,7213,23
778,林俊,90,24554,復顔司空,答Y書,顔司空,,,,,,見素集28卷,7213,23
779,林俊,91,24554,答白巖,答Y書,喬宇,68219,,,,,見素集28卷,7213,23
780,林俊,92,24554,答山齋,答Y書,山齋,,,,,,見素集28卷,7213,23
781,林俊,93,24554,答邃翁,答Y書,楊一清,68260,,,,,見素集28卷,7213,23
782,林俊,94,24554,簡幸庵,致書Y,幸庵,,,,,,見素集28卷,7213,23
783,林俊,95,24554,簡諸老,致書Y,諸老,,,,,,見素集28卷,7213,23
784,林俊,96,24554,簡石翁,致書Y,石翁,,,,,,見素集28卷,7213,23
785,林俊,97,24554,答張總制,答Y書,張總制,,,,,,見素集28卷,7213,23
786,林俊,98,24554,簡石翁,致書Y,石翁,,,,,,見素集28卷,7213,23
787,林俊,99,24554,寄少傅費東湖公,致書Y,少傅費東湖公,,,,,, 見素續集12卷,23863,12
788,林俊,100,24554,寄袁閣老,致書Y,袁閣老,,,,,, 見素續集12卷,23863,12
789,林俊,101,24554,簡宫傅毛三江公,致書Y,宫傅毛三江公,,,,,, 見素續集12卷,23863,12
790,林俊,102,24554,寄翠庭弟,致書Y,翠庭弟,,,,,, 見素續集12卷,23863,12
791,林俊,103,24554,寄陳靜齋都憲,致書Y,陳鳳梧,130981,,,,, 見素續集12卷,23863,12
792,林俊,104,24554,寄少師楊石齋翁,致書Y,楊廷和,68092,,,,, 見素續集12卷,23863,12
793,林俊,105,24554,寄白巖喬冡宰,致書Y,喬宇,68219,,,,, 見素續集12卷,23863,12
794,林俊,106,24554,寄燕泉何少宰,致書Y,燕泉何少宰,,,,,, 見素續集12卷,23863,12
795,林俊,107,24554,簡石齋翁,致書Y,陳獻章,29570,,,,, 見素續集12卷,23863,12
796,林俊,108,24554,與朱郡伯三峯論備禦,致書Y,朱袞,127329,,,,, 見素續集12卷,23863,12
797,林俊,109,24554,辭三峰存問儀物,致書Y,三峰,,,,,, 見素續集12卷,23863,12
798,林俊,110,24554,寄楊月湖宗伯,致書Y,楊月湖宗伯,,,,,, 見素續集12卷,23863,12
799,林俊,111,24554,寄汪石潭宗伯,致書Y,汪俊,68083,,,,, 見素續集12卷,23863,12
800,林俊,112,24554,寄石少傅熊峰,致書Y,石少傅熊峰,,,,,, 見素續集12卷,23863,12
801,林俊,113,24554,答何燕泉,答Y書,何孟春,30315,,,,, 見素續集12卷,23863,12
802,林俊,114,24554,寄周憲長,致書Y,周憲長,,,,,, 見素續集12卷,23863,12
803,林俊,115,24554,寄楊少傅邃菴翁,致書Y,楊一清,68260,,,,, 見素續集12卷,23863,12
804,林俊,116,24554,與蔡霞山大參,致書Y,蔡潮,132602,,,,, 見素續集12卷,23863,12
805,林俊,117,24554,寄楊邃,致書Y,楊一清,68260,,,,, 見素續集12卷,23863,12
806,林俊,118,24554,寄秦鳯山司徒,致書Y,秦鳯山司徒,,,,,, 見素續集12卷,23863,12
807,林希元,1,128596,與舒國裳脩撰同年書,致書Y,舒芬,67743,4,,,,林次崖文集18卷 乾隆18年,40315,5
808,林希元,5,128596,與鄭秋官與聚同年書,致書Y,鄭秋官與,,,,,,林次崖文集18卷 乾隆18年,40315,5
809,林希元,6,128596,與徐考功伯和同年書,致書Y,徐考功伯和同年,,,,,,林次崖文集18卷 乾隆18年,40315,5
810,林希元,7,128596,與鍾天慶理副同年書,致書Y,鍾雲瑞,202039,,,,,林次崖文集18卷 乾隆18年,40315,5
811,林希元,8,128596,復季明德同年書,答Y書,季本,128761,,,,,林次崖文集18卷 乾隆18年,40315,5
812,林希元,9,128596,彭城復馬宗孔同年書,答Y書,馬津,129557,,,,,林次崖文集18卷 乾隆18年,40315,5
813,林希元,10,128596,與門人卞子登舉人書,致書Y,門人卞子登舉人,,,,,,林次崖文集18卷 乾隆18年,40315,5
814,林希元,11,128596,與門人陳章二上舍書,致書Y,陳章二上,,,,,,林次崖文集18卷 乾隆18年,40315,5
815,林希元,12,128596,復京中故人書,答Y書,京中故人,,,,,,林次崖文集18卷 乾隆18年,40315,5
816,林希元,13,128596,與興節推汪可亭書,致書Y,興節推汪可亭,,,,,,林次崖文集18卷 乾隆18年,40315,5
817,林希元,14,128596,與吳思齋書,致書Y,吳思齋,,,,,,林次崖文集18卷 乾隆18年,40315,5
818,林希元,15,128596,與程舉人黙書,致書Y,程舉人黙,,,,,,林次崖文集18卷 乾隆18年,40315,5
819,林希元,16,128596,復鍾芸溪亞卿書,答Y書,鍾芸溪亞卿,,,,,,林次崖文集18卷 乾隆18年,40315,5
820,林希元,17,128596,柬吳東湖亞卿書,致書Y,吳東湖亞卿,,,,,,林次崖文集18卷 乾隆18年,40315,5
821,林希元,18,128596,囬海北道王僉憲書,致書Y,王僉憲,,,,,,林次崖文集18卷 乾隆18年,40315,5
822,林希元,19,128596,寄謝徐少湖提學書,致書Y,徐階,68547,,,,,林次崖文集18卷 乾隆18年,40315,5
823,林希元,20,128596,謝白代廵爲建牌樓書,致書Y,白代廵爲建牌樓,,,,,,林次崖文集18卷 乾隆18年,40315,5
824,林希元,21,128596,臨淸舟中寄董中峰侍讀書,致書Y,董玘,123192,,,,,林次崖文集18卷 乾隆18年,40315,5
825,林希元,22,128596,謝董中峰宫詹書,致書Y,董玘,123192,,,,,林次崖文集18卷 乾隆18年,40315,5
826,林希元,23,128596,謝崔後渠祭酒書,致書Y,崔銑,34649,,,,,林次崖文集18卷 乾隆18年,40315,5
827,林希元,24,128596,復崔後渠祭酒書,答Y書,崔銑,34649,,,,,林次崖文集18卷 乾隆18年,40315,5
828,林希元,25,128596,上林見素尚書書,致書Y,林俊,24554,,,,,林次崖文集18卷 乾隆18年,40315,5
829,林希元,26,128596,與王蘖谷中丞書,致書Y,王蘖谷中丞,,,,,,林次崖文集18卷 乾隆18年,40315,5
830,林希元,27,128596,復吳南溪僉憲書,答Y書,吳昂,128194,,,,,林次崖文集18卷 乾隆18年,40315,5
831,林希元,28,128596,與霍渭崖宮詹書,致書Y,霍韜,68236,,,,,林次崖文集18卷 乾隆18年,40315,5
832,林希元,29,128596,復羅整庵冡宰書,答Y書,羅欽順,33645,,,,,林次崖文集18卷 乾隆18年,40315,5
833,林希元,30,128596,與潘石泉總制書,致書Y,潘旦,68319,,,,,林次崖文集18卷 乾隆18年,40315,5
834,林希元,31,128596,與倫白山司成書,致書Y,倫以訓,129852,,,,,林次崖文集18卷 乾隆18年,40315,5
835,林希元,32,128596,與黃久庵兵侍書,致書Y,黃綰,68258,,,,,林次崖文集18卷 乾隆18年,40315,5
836,林希元,33,128596,與周石崖提學書,致書Y,周珫,68361,,,,,林次崖文集18卷 乾隆18年,40315,5
837,林希元,34,128596,復項甌東屯道書,答Y書,項喬,131282,,,,,林次崖文集18卷 乾隆18年,40315,5
838,林希元,35,128596,與翁見愚別駕書,致書Y,翁璨,129850,,,,,林次崖文集18卷 乾隆18年,40315,5
839,林希元,36,128596,與周崦庵亷憲書,致書Y,周崦庵,,,,,,林次崖文集18卷 乾隆18年,40315,5
840,林希元,37,128596,與張净峰提學書,致書Y,張岳,34663,2,,,,林次崖文集18卷 乾隆18年,40315,5
841,林希元,39,128596,與林國博論格物大學問疑書6,致書Y,林國博,,,,,,林次崖文集18卷 乾隆18年,40315,6
842,林希元,40,128596,與張净峰郡守論黃邦相事書,致書Y,張岳,34663,,,,,林次崖文集18卷 乾隆18年,40315,7
843,林希元,41,128596,與廣西何左江少叅論安南書,致書Y,何左江少叅,,,,,,林次崖文集18卷 乾隆18年,40315,8
844,林希元,42,128596,上巡按弭盜書,致書Y,巡按弭盜,,,,,,林次崖文集18卷 乾隆18年,40315,9
845,林希元,43,128596,請巡海道乘勝滅賊書,致書Y,巡海道乘勝,,,,,,林次崖文集18卷 乾隆18年,40315,10
846,林希元,44,128596,與俞太守請賑書一,致書Y,俞太守,,3,,,,林次崖文集18卷 乾隆18年,40315,11
847,林希元,47,128596,諸俞太守停賑書,致書Y,俞太守停賑,,,,,,林次崖文集18卷 乾隆18年,40315,14
848,林希元,48,128596,請袁簿急回賑濟書,致書Y,袁簿,,,,,,林次崖文集18卷 乾隆18年,40315,15
849,林希元,49,128596,請姜伯溪方伯查賑饑時弊書,致書Y,姜伯溪方伯,,,,,,林次崖文集18卷 乾隆18年,40315,16
850,李夢陽,1,34624,與徐氏論文書  ,致書Y,徐禎卿,33842,2,,,,"空同子集:六十六卷,附錄二卷 ",28440,61
851,李夢陽,2,34624,詒古鏡書,致書Y,徐禎卿,33842,2,,,,"空同子集:六十六卷,附錄二卷 ",28440,61
852,李夢陽,3,34624,駁何氏論文書 ,致書Y,何景明,34648,4,,,,"空同子集:六十六卷,附錄二卷 ",28440,61
853,李夢陽,4,34624,再與何氏書,致書Y,何景明,34648,4,,,,"空同子集:六十六卷,附錄二卷 ",28440,61
854,李夢陽,5,34624,答吳瑾書,答Y書,吳瑾,66937,1,,,,"空同子集:六十六卷,附錄二卷 ",28440,61
855,李夢陽,6,34624,論史答王監察書,答Y書,王廷相,68246,2,,,,"空同子集:六十六卷,附錄二卷 ",28440,61
856,李夢陽,7,34624,答周子書,答Y書,周祚,,2,,,,"空同子集:六十六卷,附錄二卷 ",28440,61
857,李夢陽,8,34624,答黄子書,答Y書,黄省曾,30668,2,,,,"空同子集:六十六卷,附錄二卷 ",28440,61
858,周祚,9,,附山隂周祚書  ,致書Y,李夢陽,34624,2,,,,"空同子集:六十六卷,附錄二卷 ",28440,61
859,黄省曾,10,30668,附吳郡黄省曾書,致書Y,李夢陽,34624,2,,,,"空同子集:六十六卷,附錄二卷 ",28440,61
860,李夢陽,11,34624,奉林公書,致書Y,林俊,24554,1,,,,"空同子集:六十六卷,附錄二卷 ",28440,62
861,李夢陽,12,34624,奉邃菴先生書,致書Y,楊一清,68260,10,,,,"空同子集:六十六卷,附錄二卷 ",28440,62
862,李夢陽,13,34624,其二,致書Y,楊一清,68260,10,,,,"空同子集:六十六卷,附錄二卷 ",28440,62
863,李夢陽,14,34624,其三,致書Y,楊一清,68260,10,,,,"空同子集:六十六卷,附錄二卷 ",28440,62
864,李夢陽,15,34624,其四,致書Y,楊一清,68260,10,,,,"空同子集:六十六卷,附錄二卷 ",28440,62
865,李夢陽,16,34624,其五,致書Y,楊一清,68260,10,,,,"空同子集:六十六卷,附錄二卷 ",28440,62
866,李夢陽,17,34624,其六,致書Y,楊一清,68260,10,,,,"空同子集:六十六卷,附錄二卷 ",28440,62
867,李夢陽,18,34624,其七,致書Y,楊一清,68260,10,,,,"空同子集:六十六卷,附錄二卷 ",28440,62
868,李夢陽,19,34624,其八,致書Y,楊一清,68260,10,,,,"空同子集:六十六卷,附錄二卷 ",28440,62
869,李夢陽,20,34624,其九,致書Y,楊一清,68260,10,,,,"空同子集:六十六卷,附錄二卷 ",28440,62
870,李夢陽,21,34624,其十,致書Y,楊一清,68260,10,,,,"空同子集:六十六卷,附錄二卷 ",28440,62
871,李夢陽,22,34624,與何子書二首,致書Y,何景明,34648,4,,,,"空同子集:六十六卷,附錄二卷 ",28440,62
872,李夢陽,23,34624,其二,致書Y,何景明,34648,4,,,,"空同子集:六十六卷,附錄二卷 ",28440,62
873,李夢陽,24,34624,與李道夫書,致書Y,李恕,201209,1,,,,"空同子集:六十六卷,附錄二卷 ",28440,62
874,李夢陽,25,34624,答左使王公書  ,答Y書,王廷相,68246,2,,,,"空同子集:六十六卷,附錄二卷 ",28440,62
875,李夢陽,26,34624,報吳戲臣書,致書Y,吳戲臣,,1,,,,"空同子集:六十六卷,附錄二卷 ",28440,62
876,李夢陽,27,34624,與王獻可書,致書Y,王納誨,126660,1,,,,"空同子集:六十六卷,附錄二卷 ",28440,62
877,程文德,1,131629,與王龍溪同年書,致書Y,王畿,126814,2,,,,程文公遺稿,40128,14.1a
878,程文德,2,131629,復王龍溪同年書,答Y書,王畿,126814,,,,,程文公遺稿,40128,14.1b
879,程文德,3,131629,復石玉溪同年書,答Y書,石簡,127014,,,,,程文公遺稿,40128,14.2a
880,程文德,4,131629,復潘笠江督學書,答Y書,潘恩,68303,,,,,程文公遺稿,40128,14.3b
881,程文德,5,131629,上張羅峰相公書,致書Y,張璁,68266,,,,,程文公遺稿,40128,14.4a
882,程文德,6,131629,上李西樵相公書,致書Y,,,,,,,程文公遺稿,40128,14.4b
883,程文德,7,131629,又復石玉溪書,答Y書,石簡,127014,,,,,程文公遺稿,40128,14.5b
884,程文德,8,131629,復周督學辭修書書,答Y書,,,,,,,程文公遺稿,40128,14
885,程文德,9,131629,復王麓泉同年書,答Y書,王崇,126684,,,,,程文公遺稿,40128,14
886,程文德,10,131629,復聶雙江郡伯書,答Y書,聶豹,68298,,,,,程文公遺稿,40128,14
887,王守仁,1,30374,答顧東橋書,答Y書,顧璘,34631,1,,,,王文成公全書,28062,2
888,王守仁,2,30374,啟問道通書,致書Y,周衝,128921,6,,,,王文成公全書,28062,2
889,王守仁,3,30374,與道通周沖書五通,致書Y,周衝,128921,6,,,,王文成公全書,28062,32
890,王守仁,4,30374,二,致書Y,周衝,128921,6,,,,王文成公全書,28062,32
891,王守仁,5,30374,三,致書Y,周衝,128921,6,,,,王文成公全書,28062,32
892,王守仁,6,30374,四,致書Y,周衝,128921,6,,,,王文成公全書,28062,32
893,王守仁,7,30374,五,致書Y,周衝,128921,6,,,,王文成公全書,28062,32
894,王守仁,8,30374,答陸原靜書,答Y書,陸澄,68259,10,,,,王文成公全書,28062,2
895,王守仁,9,30374,又,答Y書,陸澄,68259,10,,,,王文成公全書,28062,2
896,王守仁,10,30374,與陸原靜　,致書Y,陸澄,68259,10,1516,正德,丙子,王文成公全書,28062,4
897,王守仁,11,30374,二,致書Y,陸澄,68259,10,1518,正德,戊寅,王文成公全書,28062,4
898,王守仁,12,30374,與陸原靜　,致書Y,陸澄,68259,10,1521,正德,辛巳,王文成公全書,28062,5
899,王守仁,13,30374,二,致書Y,陸澄,68259,10,1522,嘉靖,壬午,王文成公全書,28062,5
900,王守仁,14,30374,寄陸原靜,致書Y,陸澄,68259,10,1527,嘉靖,丙戌,王文成公全書,28062,6
901,王守仁,15,30374,答歐陽崇一,答Y書,歐陽德,99984,2,,,,王文成公全書,28062,2
902,王守仁,16,30374,與歐陽崇一,致書Y,歐陽德,99984,2,1527,嘉靖,丙戌,王文成公全書,28062,6
903,王守仁,17,30374,答羅整庵少宰書,答Y書,羅欽順,33645,1,,,,王文成公全書,28062,2
904,王守仁,18,30374,答聶文蔚,答Y書,聶豹,68298,2,,,,王文成公全書,28062,2
905,王守仁,19,30374,二,答Y書,聶豹,68298,2,,,,王文成公全書,28062,2
906,王守仁,20,30374,答徐成之,答Y書,徐守誠,200892,3,1511,正德,辛未,王文成公全書,28062,4
907,王守仁,21,30374,答徐成之,答Y書,徐守誠,200892,3,1522,嘉靖,壬午,王文成公全書,28062,21
908,王守仁,22,30374,二,答Y書,徐守誠,200892,3,1522,嘉靖,壬午,王文成公全書,28062,21
909,王守仁,23,30374,答黄宗賢、應原忠,答Y書,黃綰,68258,15,1511,正德,辛未,王文成公全書,28062,4
910,王守仁,24,30374,答黄宗賢、應原忠,答Y書,應良,133211,1,1511,正德,辛未,王文成公全書,28062,4
911,王守仁,25,30374,與黃宗賢,致書Y,黃綰,68258,15,1511,正德,辛未,王文成公全書,28062,4
912,王守仁,26,30374,二,致書Y,黃綰,68258,15,1512,正德,壬申,王文成公全書,28062,4
913,王守仁,27,30374,三,致書Y,黃綰,68258,15,1513,正德,癸酉,王文成公全書,28062,4
914,王守仁,28,30374,四,致書Y,黃綰,68258,15,1513,正德,癸酉,王文成公全書,28062,4
915,王守仁,29,30374,五,致書Y,黃綰,68258,15,1513,正德,癸酉,王文成公全書,28062,4
916,王守仁,30,30374,六,致書Y,黃綰,68258,15,1516,正德,丙子,王文成公全書,28062,4
917,王守仁,31,30374,七,致書Y,黃綰,68258,15,1518,正德,戊寅,王文成公全書,28062,4
918,王守仁,32,30374,與黃宗賢,致書Y,黃綰,68258,15,1523,嘉靖,癸未,王文成公全書,28062,5
919,王守仁,33,30374,答汪石潭内翰,答Y書,汪俊,68083,1,1511,正德,辛未,王文成公全書,28062,4
920,王守仁,34,30374,寄諸用明,致書Y,諸用明,,1,1511,正德,辛未,王文成公全書,28062,4
921,王守仁,35,30374,答王虎谷,答Y書,王雲鳳,126722,1,1511,正德,辛未,王文成公全書,28062,4
922,王守仁,36,30374,與王純甫,致書Y,王道,126742,4,1512,正德,壬申,王文成公全書,28062,4
923,王守仁,37,30374,二,致書Y,王道,126742,4,1513,正德,癸酉,王文成公全書,28062,4
924,王守仁,38,30374,三,致書Y,王道,126742,4,1514,正德,甲戌,王文成公全書,28062,4
925,王守仁,39,30374,四,致書Y,王道,126742,4,1514,正德,甲戌,王文成公全書,28062,4
926,王守仁,40,30374,寄希淵,致書Y,蔡宗兗,132588,5,1512,正德,壬申,王文成公全書,28062,4
927,王守仁,41,30374,二,致書Y,蔡宗兗,132588,5,1512,正德,壬申,王文成公全書,28062,4
928,王守仁,42,30374,三,致書Y,蔡宗兗,132588,5,1513,正德,癸酉,王文成公全書,28062,4
929,王守仁,43,30374,四,致書Y,蔡宗兗,132588,5,1519,正德,己卯,王文成公全書,28062,4
930,王守仁,44,30374,與戴子良,致書Y,戴德孺,68247,1,1513,正德,癸酉,王文成公全書,28062,4
931,王守仁,45,30374,與黃誠甫,致書Y,黃宗明,68248,3,1513,正德,癸酉,王文成公全書,28062,4
932,王守仁,46,30374,二,致書Y,黃宗明,68248,3,1517,正德,丁丑,王文成公全書,28062,4
933,王守仁,47,30374,答王天宇,答Y書,王應鵬,68167,3,1514,正德,甲戌,王文成公全書,28062,4
934,王守仁,48,30374,二,答Y書,王應鵬,68167,3,1514,正德,甲戌,王文成公全書,28062,4
935,王守仁,49,30374,寄李道夫,致書Y,李恕,201209,1,1515,正德,乙亥,王文成公全書,28062,4
936,王守仁,50,30374,與希顏台仲明德尚謙原靜,致書Y,蔡宗兗,132588,5,1517,正德,丁丑,王文成公全書,28062,4
937,王守仁,51,30374,與希顏台仲明德尚謙原靜,致書Y,許相卿,34660,3,1517,正德,丁丑,王文成公全書,28062,4
938,王守仁,52,30374,與希顏台仲明德尚謙原靜,致書Y,季本,128761,1,1517,正德,丁丑,王文成公全書,28062,4
939,王守仁,53,30374,與希顏台仲明德尚謙原靜,致書Y,薛侃,68374,6,1517,正德,丁丑,王文成公全書,28062,4
940,王守仁,54,30374,與希顏台仲明德尚謙原靜,致書Y,陸澄,68259,10,1517,正德,丁丑,王文成公全書,28062,4
941,王守仁,55,30374,與楊仕德、薛尚謙,致書Y,楊驥,,2,1517,正德,丁丑,王文成公全書,28062,4
942,王守仁,56,30374,與楊仕德、薛尚謙,致書Y,薛侃,68374,6,1517,正德,丁丑,王文成公全書,28062,4
943,王守仁,57,30374,寄聞人邦英邦正,致書Y,聞人邦英,,3,1518,正德,戊寅,王文成公全書,28062,4
944,王守仁,58,30374,寄聞人邦英邦正,致書Y,聞人邦正,,3,1518,正德,戊寅,王文成公全書,28062,4
945,王守仁,59,30374,二,致書Y,聞人邦英,,3,1518,正德,戊寅,王文成公全書,28062,4
946,王守仁,60,30374,二,致書Y,聞人邦正,,3,1518,正德,戊寅,王文成公全書,28062,4
947,王守仁,61,30374,三,致書Y,聞人邦英,,3,1520,正德,庚辰,王文成公全書,28062,4
948,王守仁,62,30374,三,致書Y,聞人邦正,,3,1520,正德,庚辰,王文成公全書,28062,4
949,王守仁,63,30374,寄薛尚謙,致書Y,薛侃,68374,6,1518,正德,戊寅,王文成公全書,28062,4
950,王守仁,64,30374,二,致書Y,薛侃,68374,6,1518,正德,戊寅,王文成公全書,28062,4
951,王守仁,65,30374,三,致書Y,薛侃,68374,6,1518,正德,戊寅,王文成公全書,28062,4
952,王守仁,66,30374,與安之,致書Y,安之,,1,1519,正德,己卯,王文成公全書,28062,4
953,王守仁,67,30374,答甘泉,答Y書,湛若水,131191,4,1519,正德,己卯,王文成公全書,28062,4
954,王守仁,68,30374,二,答Y書,湛若水,131191,4,1520,正德,庚辰,王文成公全書,28062,4
955,王守仁,69,30374,答方叔賢,答Y書,方獻夫,68286,5,1519,正德,己卯,王文成公全書,28062,4
956,王守仁,70,30374,與陳國英,致書Y,陳傑,130927,1,1520,正德,庚辰,王文成公全書,28062,4
957,王守仁,71,30374,復唐虞佐,答Y書,唐龍,68335,2,1520,正德,庚辰,王文成公全書,28062,4
958,王守仁,72,30374,與鄒謙之,致書Y,鄒守益,100016,7,1521,正德,辛巳,王文成公全書,28062,5
959,王守仁,73,30374,二,致書Y,鄒守益,100016,7,1525,嘉靖,乙酉,王文成公全書,28062,5
960,王守仁,74,30374,與夏敦夫,致書Y,夏尚樸,34658,1,1521,正德,辛巳,王文成公全書,28062,5
961,王守仁,75,30374,與朱守忠,致書Y,朱守忠,246057,1,1521,正德,辛巳,王文成公全書,28062,5
962,王守仁,76,30374,與席元山,致書Y,席書,68201,2,1521,正德,辛巳,王文成公全書,28062,5
963,王守仁,77,30374,答甘泉,答Y書,湛若水,131191,4,1521,正德,辛巳,王文成公全書,28062,5
964,王守仁,78,30374,答倫彥式,答Y書,倫以訓,129852,1,1521,正德,辛巳,王文成公全書,28062,5
965,王守仁,79,30374,與唐虞佐侍御,致書Y,唐龍,68335,2,1521,正德,辛巳,王文成公全書,28062,5
966,王守仁,80,30374,答方叔賢,答Y書,方獻夫,68286,5,1521,正德,辛巳,王文成公全書,28062,5
967,王守仁,81,30374,二,答Y書,方獻夫,68286,5,1523,嘉靖,癸未,王文成公全書,28062,5
968,王守仁,82,30374,與楊仕鳴,致書Y,楊仕鳴,,3,1521,正德,辛巳,王文成公全書,28062,5
969,王守仁,83,30374,二,致書Y,楊仕鳴,,3,1523,嘉靖,癸未,王文成公全書,28062,5
970,王守仁,84,30374,三,致書Y,楊仕鳴,,3,1523,嘉靖,癸未,王文成公全書,28062,5
971,王守仁,85,30374,答舒國用,答Y書,舒國用,288749,1,1523,嘉靖,癸未,王文成公全書,28062,5
972,王守仁,86,30374,與劉元道,致書Y,劉元道,,1,1523,嘉靖,癸未,王文成公全書,28062,5
973,王守仁,87,30374,答路賓陽,答Y書,路賓陽,,1,1523,嘉靖,癸未,王文成公全書,28062,5
974,王守仁,88,30374,與黃勉之,致書Y,黃省曾,30668,3,1524,嘉靖,甲申,王文成公全書,28062,5
975,王守仁,89,30374,二,致書Y,黃省曾,30668,3,1524,嘉靖,甲申,王文成公全書,28062,5
976,王守仁,90,30374,答劉內重,答Y書,劉內重,,1,1525,嘉靖,乙酉,王文成公全書,28062,5
977,王守仁,91,30374,與王公弼,致書Y,王公弼,59926,3,1525,嘉靖,乙酉,王文成公全書,28062,5
978,王守仁,92,30374,答董沄蘿石,答Y書,董沄,132016,1,1525,嘉靖,乙酉,王文成公全書,28062,5
979,王守仁,93,30374,寄薛尚謙,致書Y,薛侃,68374,6,1523,嘉靖,癸未,王文成公全書,28062,5
980,王守仁,94,30374,寄鄒謙之,致書Y,鄒守益,100016,7,1526,嘉靖,丙戌,王文成公全書,28062,6
981,王守仁,95,30374,二,致書Y,鄒守益,100016,7,1526,嘉靖,丙戌,王文成公全書,28062,6
982,王守仁,96,30374,三,致書Y,鄒守益,100016,7,1526,嘉靖,丙戌,王文成公全書,28062,6
983,王守仁,97,30374,四,致書Y,鄒守益,100016,7,1526,嘉靖,丙戌,王文成公全書,28062,6
984,王守仁,98,30374,五,致書Y,鄒守益,100016,7,1526,嘉靖,丙戌,王文成公全書,28062,6
985,王守仁,99,30374,答南元善,答Y書,南大吉,129122,2,1526,嘉靖,丙戌,王文成公全書,28062,6
986,王守仁,100,30374,二,答Y書,南大吉,129122,2,1526,嘉靖,丙戌,王文成公全書,28062,6
987,王守仁,101,30374,答季明德,答Y書,季本,128761,1,1526,嘉靖,丙戌,王文成公全書,28062,6
988,王守仁,102,30374,與王公弼,致書Y,王公弼,59926,3,1526,嘉靖,丙戌,王文成公全書,28062,6
989,王守仁,103,30374,二,致書Y,王公弼,59926,3,1527,嘉靖,丁亥,王文成公全書,28062,6
990,王守仁,104,30374,答甘泉,答Y書,湛若水,131191,4,1526,嘉靖,丙戌,王文成公全書,28062,6
991,王守仁,105,30374,答魏師說,答Y書,魏良弼,68401,1,1527,嘉靖,丁亥,王文成公全書,28062,6
992,王守仁,106,30374,與馬子莘,致書Y,馬明衡,68423,1,1527,嘉靖,丁亥,王文成公全書,28062,6
993,王守仁,107,30374,與黃宗賢,致書Y,黃綰,68258,15,1527,嘉靖,丁亥,王文成公全書,28062,6
994,王守仁,108,30374,與毛古庵憲副,致書Y,毛古庵,,2,1527,嘉靖,丁亥,王文成公全書,28062,6
995,王守仁,109,30374,答以乘憲副,答Y書,林大輅,128565,1,1527,嘉靖,丁亥,王文成公全書,28062,6
996,王守仁,110,30374,與戚秀夫,致書Y,戚賢,68448,1,1527,嘉靖,丁亥,王文成公全書,28062,6
997,王守仁,111,30374,與陳惟浚,致書Y,陳惟浚,,1,1527,嘉靖,丁亥,王文成公全書,28062,6
998,王守仁,112,30374,與錢德洪、王汝中,致書Y,錢德洪,33186,4,1527,嘉靖,丁亥,王文成公全書,28062,6
999,王守仁,113,30374,與錢德洪、王汝中,致書Y,王畿,126814,3,1527,嘉靖,丁亥,王文成公全書,28062,6
1000,王守仁,114,30374,二,致書Y,錢德洪,33186,4,1528,嘉靖,戊子,王文成公全書,28062,6
1001,王守仁,115,30374,二,致書Y,王畿,126814,3,1528,嘉靖,戊子,王文成公全書,28062,6
1002,王守仁,116,30374,三,致書Y,錢德洪,33186,4,1528,嘉靖,戊子,王文成公全書,28062,6
1003,王守仁,117,30374,三,致書Y,王畿,126814,3,1528,嘉靖,戊子,王文成公全書,28062,6
1004,王守仁,118,30374,答何廷仁,答Y書,何廷仁,128406,1,1528,嘉靖,戊子,王文成公全書,28062,6
1005,王守仁,119,30374,書汪汝成格物卷,致書Y,汪玉,127505,1,1513,正德,癸酉,王文成公全書,28062,8
1006,王守仁,120,30374,書石川卷,致書Y,殷雲霄,129827,1,1514,正德,甲戌,王文成公全書,28062,8
1007,王守仁,121,30374,與傅生鳳,致書Y,傅生鳳,,1,1514,正德,甲戌,王文成公全書,28062,8
1008,王守仁,122,30374,書王天宇卷,致書Y,王應鵬,68167,3,1514,正德,甲戌,王文成公全書,28062,8
1009,王守仁,123,30374,書王嘉秀請益卷,致書Y,王嘉秀,,1,1514,正德,甲戌,王文成公全書,28062,8
1010,王守仁,124,30374,書孟源卷,致書Y,孟源,278534,1,1515,正德,乙亥,王文成公全書,28062,8
1011,王守仁,125,30374,書楊思元卷,致書Y,楊思元,,1,1515,正德,乙亥,王文成公全書,28062,8
1012,王守仁,126,30374,書玄默卷,致書Y,玄默,,1,1515,正德,乙亥,王文成公全書,28062,8
1013,王守仁,127,30374,書顧維賢卷,致書Y,顧維賢,,2,1521,正德,辛巳,王文成公全書,28062,8
1014,王守仁,128,30374,書王一為卷,致書Y,王一為,,1,1523,嘉靖,癸未,王文成公全書,28062,8
1015,王守仁,129,30374,書朱守諧卷,致書Y,朱守諧,,1,1524,嘉靖,甲申,王文成公全書,28062,8
1016,王守仁,130,30374,書諸陽伯卷二,致書Y,諸陽伯,,1,1524,嘉靖,甲申,王文成公全書,28062,8
1017,王守仁,131,30374,書張思欽卷,致書Y,張思欽,,1,1525,嘉靖,乙酉,王文成公全書,28062,8
1018,王守仁,132,30374,書朱守乾卷,致書Y,朱守乾,,1,1525,嘉靖,乙酉,王文成公全書,28062,8
1019,王守仁,133,30374,書朱子禮卷,致書Y,朱廷立,127263,1,1524,嘉靖,甲申,王文成公全書,28062,8
1020,王守仁,134,30374,書林司訓卷,致書Y,林司訓,,1,1526,嘉靖,丙戌,王文成公全書,28062,8
1021,王守仁,135,30374,書黃夢星卷,致書Y,黃夢星,,1,1527,嘉靖,丁亥,王文成公全書,28062,8
1022,王守仁,136,30374,答佟太守求雨,答Y書,佟太守,,1,1503,弘治,癸亥,王文成公全書,28062,21
1023,王守仁,137,30374,答毛憲副,答Y書,毛古庵,,2,1508,正德,戊辰,王文成公全書,28062,21
1024,王守仁,138,30374,與安宣慰,致書Y,安宣慰,,3,1508,正德,戊辰,王文成公全書,28062,21
1025,王守仁,139,30374,二,致書Y,安宣慰,,3,1508,正德,戊辰,王文成公全書,28062,21
1026,王守仁,140,30374,三,致書Y,安宣慰,,3,1508,正德,戊辰,王文成公全書,28062,21
1027,王守仁,141,30374,答儲柴墟　,答Y書,儲瓘,122987,2,1512,正德,壬申,王文成公全書,28062,21
1028,王守仁,142,30374,二,答Y書,儲瓘,122987,2,1512,正德,壬申,王文成公全書,28062,21
1029,王守仁,143,30374,答何子元,答Y書,何孟春,30315,2,1512,正德,壬申,王文成公全書,28062,21
1030,王守仁,144,30374,上晉溪司馬,致書Y,王瓊,68264,3,1518,正德,戊寅,王文成公全書,28062,21
1031,王守仁,145,30374,二,致書Y,王瓊,68264,3,1519,正德,己卯,王文成公全書,28062,21
1032,王守仁,146,30374,上彭幸庵,致書Y,彭澤,68267,1,1522,嘉靖,壬午,王文成公全書,28062,21
1033,王守仁,147,30374,寄楊邃庵閣老,致書Y,楊一清,68260,5,1522,嘉靖,壬午,王文成公全書,28062,21
1034,王守仁,148,30374,二,致書Y,楊一清,68260,5,1523,嘉靖,癸未,王文成公全書,28062,21
1035,王守仁,149,30374,三,致書Y,楊一清,68260,5,1527,嘉靖,丁亥,王文成公全書,28062,21
1036,王守仁,150,30374,四,致書Y,楊一清,68260,5,1527,嘉靖,丁亥,王文成公全書,28062,21
1037,王守仁,151,30374,寄席元山,致書Y,席書,68201,2,1523,嘉靖,癸未,王文成公全書,28062,21
1038,王守仁,152,30374,答王門庵中丞,答Y書,王門庵,,1,1524,嘉靖,甲申,王文成公全書,28062,21
1039,王守仁,153,30374,與陸清伯,致書Y,陸澄,68259,10,1524,嘉靖,甲申,王文成公全書,28062,21
1040,王守仁,154,30374,與黃誠甫,致書Y,黃宗明,68248,3,1524,嘉靖,甲申,王文成公全書,28062,21
1041,王守仁,155,30374,二,致書Y,黃宗明,68248,3,1524,嘉靖,甲申,王文成公全書,28062,21
1042,王守仁,156,30374,三,致書Y,黃宗明,68248,3,1525,嘉靖,乙酉,王文成公全書,28062,21
1043,王守仁,157,30374,與黃勉之,致書Y,黃省曾,30668,3,1525,嘉靖,乙酉,王文成公全書,28062,21
1044,王守仁,158,30374,復童克剛,答Y書,童克剛,,1,1525,嘉靖,乙酉,王文成公全書,28062,21
1045,王守仁,159,30374,與鄭啟范侍御,致書Y,鄭啟范,,1,1527,嘉靖,丁亥,王文成公全書,28062,21
1046,王守仁,160,30374,答方叔賢,答Y書,方獻夫,68286,5,1527,嘉靖,丁亥,王文成公全書,28062,21
1047,王守仁,161,30374,二,答Y書,方獻夫,68286,5,1527,嘉靖,丁亥,王文成公全書,28062,21
1048,王守仁,162,30374,與黃宗賢,致書Y,黃綰,68258,15,1527,嘉靖,丁亥,王文成公全書,28062,21
1049,王守仁,163,30374,二,致書Y,黃綰,68258,15,1527,嘉靖,丁亥,王文成公全書,28062,21
1050,王守仁,164,30374,三,致書Y,黃綰,68258,15,1527,嘉靖,丁亥,王文成公全書,28062,21
1051,王守仁,165,30374,四,致書Y,黃綰,68258,15,1528,嘉靖,戊子,王文成公全書,28062,21
1052,王守仁,166,30374,五,致書Y,黃綰,68258,15,1528,嘉靖,戊子,王文成公全書,28062,21
1053,王守仁,167,30374,答見山塚宰,答Y書,見山塚宰,,1,1527,嘉靖,丁亥,王文成公全書,28062,21
1054,王守仁,168,30374,與霍兀崖宮端,致書Y,霍兀崖宮端,,1,1527,嘉靖,丁亥,王文成公全書,28062,21
1055,王守仁,169,30374,答潘直卿,答Y書,潘壯,132316,1,1527,嘉靖,丁亥,王文成公全書,28062,21
1056,王守仁,170,30374,寄翟石門閣老,致書Y,翟鑾,68136,1,1528,嘉靖,戊子,王文成公全書,28062,21
1057,王守仁,171,30374,寄何燕泉,致書Y,何孟春,30315,2,1528,嘉靖,戊子,王文成公全書,28062,21
1058,王守仁,172,30374,與郭善甫,致書Y,郭善甫,,1,,,,王文成公全書,28062,27
1059,王守仁,173,30374,寄楊仕德,致書Y,楊驥,,2,,,,王文成公全書,28062,27
1060,王守仁,174,30374,與顧惟賢,致書Y,顧惟賢,,2,,,,王文成公全書,28062,27
1061,王守仁,175,30374,與當道書,致書Y,當道,,1,,,,王文成公全書,28062,27
1062,王守仁,176,30374,與汪節夫書,致書Y,汪節夫,,1,,,,王文成公全書,28062,27
1063,王守仁,177,30374,寄張世文,致書Y,張綖,130576,1,,,,王文成公全書,28062,27
1064,王守仁,178,30374,與王晉溪司馬,致書Y,王瓊,68264,3,,,,王文成公全書,28062,27
1065,王守仁,179,30374,與陸清伯書,致書Y,陸澄,68259,10,,,,王文成公全書,28062,27
1066,王守仁,180,30374,與許台仲書,致書Y,許相卿,34660,3,,,,王文成公全書,28062,27
1067,王守仁,181,30374,又,致書Y,許相卿,34660,3,,,,王文成公全書,28062,27
1068,王守仁,182,30374,與林見素,致書Y,林俊,24554,1,,,,王文成公全書,28062,27
1069,王守仁,183,30374,與楊邃庵,致書Y,楊一清,68260,5,,,,王文成公全書,28062,27
1070,王守仁,184,30374,與蕭子雍,致書Y,蕭子雍,,1,,,,王文成公全書,28062,27
1071,王守仁,185,30374,與德洪,致書Y,錢德洪,33186,4,,,,王文成公全書,28062,27
1072,王守仁,186,30374,與陳以先手札,致書Y,陳以先,253762,1,,,,王文成公全書,28062,32
1073,王守仁,187,30374,與周文儀手札,致書Y,周文儀,,1,,,,王文成公全書,28062,32
1074,王守仁,188,30374,與惟善書,致書Y,惟善,,1,,,,王文成公全書,28062,32
1075,王守仁,189,30374,上大人書一正德七年,致書Y,王華,126723,2,1512,正德,壬申,王文成公全書,28062,32
1076,王守仁,190,30374,上大人書二正德十三年,致書Y,王華,126723,2,1518,正德,戊寅,王文成公全書,28062,32
1077,張邦奇,1,28825,與余子華,致書Y,余本,128347,6,,,,環碧堂集,23911,1.1a
1078,張邦奇,2,28825,寄余子華,致書Y,余本,128347,,,,,環碧堂集,23911,1
1079,張邦奇,3,28825,又,致書Y,余本,128347,,,,,環碧堂集,23911,1
1080,張邦奇,4,28825,與余子華,致書Y,余本,128347,,,,,環碧堂集,23911,1
1081,張邦奇,5,28825,與余太史,致書Y,余本,128347,,,,,環碧堂集,23911,1
1082,張邦奇,6,28825,與子華,致書Y,余本,128347,,,,,環碧堂集,23911,1
1083,張邦奇,7,28825,寄李嵩渚,致書Y,李濂,128014,6,,,,環碧堂集,23911,1
1084,張邦奇,8,28825,寄嵩渚,致書Y,李濂,128014,,,,,環碧堂集,23911,1
1085,張邦奇,9,28825,又,致書Y,李濂,128014,,,,,環碧堂集,23911,1
1086,張邦奇,10,28825,復嵩渚,答Y書,李濂,128014,,,,,環碧堂集,23911,1
1087,張邦奇,11,28825,與嵩渚,致書Y,李濂,128014,,,,,環碧堂集,23911,1
1088,張邦奇,12,28825,與貳守嵩渚,致書Y,李濂,128014,,,,,環碧堂集,23911,1
1089,張邦奇,13,28825,賀松臯太宰,致書Y,許讃,130149,2,,,,環碧堂集,23911,1
1090,張邦奇,14,28825,復介溪宗伯,答Y書,嚴嵩,125411,2,,,,環碧堂集,23911,1
1091,張邦奇,15,28825,又,致書Y,嚴嵩,125411,,,,,環碧堂集,23911,1
1092,張邦奇,16,28825,復霍渭厓,答Y書,霍韜,68236,1,,,,環碧堂集,23911,1
1093,張邦奇,17,28825,答張净峰廵撫,答Y書,張岳,34663,2,,,,環碧堂集,23911,1
1094,張邦奇,18,28825,又寄張净峰,致書Y,張岳,34663,,,,,環碧堂集,23911,1
1095,張邦奇,19,28825,答唐荆川,答Y書,唐順之,34219,2,,,,環碧堂集,23911,1
1096,張邦奇,20,28825,又,答Y書,唐順之,34219,,,,,環碧堂集,23911,1
1097,張邦奇,21,28825,上整菴先生,致書Y,羅欽順,33645,,,,,環碧堂集,23911,1
1098,張邦奇,22,28825,復松臯,答Y書,許讃,130149,,,,,環碧堂集,23911,1
1099,張邦奇,23,28825,與毛東塘大司馬,致書Y,毛伯溫,68282,,,,,環碧堂集,23911,1
1100,張邦奇,24,28825,答徐飬齋,答Y書,徐問,30618,2,,,,環碧堂集,23911,1
1101,張邦奇,25,28825,答勉翁老先生,答Y書,勉翁老先生,,,,,,環碧堂集,23911,1
1102,張邦奇,26,28825,答謝葉三岡賀壽佳句,答Y書,葉三岡,,,,,,環碧堂集,23911,1
1103,張邦奇,27,28825,答陳方伯,答Y書,陳方伯,,,,,,環碧堂集,23911,1
1104,張邦奇,28,28825,答王同埜,答Y書,王同埜,,,,,,環碧堂集,23911,1
1105,張邦奇,29,28825,與温江學邵繼愚秀才,致書Y,邵繼愚,,,,,,環碧堂集,23911,1
1106,張邦奇,30,28825,復高生,答Y書,高生,,,,,,環碧堂集,23911,1
1107,張邦奇,31,28825,答東沙叔柬,答Y書,東沙叔,,2,,,,環碧堂集,23911,1
1108,張邦奇,32,28825,答唐子中,答Y書,唐子中,,,,,,環碧堂集,23911,1
1109,張邦奇,33,28825,答陳惟逹,答Y書,陳惟逹,,,,,,環碧堂集,23911,1
1110,張邦奇,34,28825,寄東沙叔,致書Y,東沙叔,,,,,,環碧堂集,23911,2.1a
1111,張邦奇,35,28825,答朱允升,答Y書,朱允升,,,,,,環碧堂集,23911,2
1112,張邦奇,36,28825,寄黃久菴,致書Y,黃綰,68258,,,,,環碧堂集,23911,2
1113,張邦奇,37,28825,答倪汝新,答Y書,倪汝新,,,,,,環碧堂集,23911,2
1114,張邦奇,38,28825,與良甫弟,致書Y,良甫弟,,,,,,環碧堂集,23911,2
1115,張邦奇,39,28825,與朱侍御,致書Y,朱侍御,,,,,,環碧堂集,23911,2
1116,張邦奇,40,28825,寄惲功甫憲副,致書Y,惲巍,131269,,,,,環碧堂集,23911,2
1117,張邦奇,41,28825,復諸友請纂修實錄,答Y書,諸友,,,,,,環碧堂集,23911,2
1118,張邦奇,42,28825,復周玉巗,答Y書,周廣,68082,,,,,環碧堂集,23911,2
1119,張邦奇,43,28825,答友人,答Y書,友人,,,,,,環碧堂集,23911,2
1120,張邦奇,44,28825,與聞提學,致書Y,聞提學,,,,,,環碧堂集,23911,2
1121,張邦奇,45,28825,與馮子和,致書Y,馮世雍,131141,,,,,環碧堂集,23911,2
1122,張邦奇,46,28825,寄友人,致書Y,友人,,,,,,環碧堂集,23911,2
1123,張邦奇,47,28825,答萬子冲,答Y書,萬子冲,,,,,,環碧堂集,23911,2
1124,張邦奇,48,28825,與魏郡侯及齋,致書Y,侯及齋,,,,,,環碧堂集,23911,2
1125,張邦奇,49,28825,與李介卿憲長,致書Y,李介卿,,,,,,環碧堂集,23911,2
1126,張邦奇,50,28825,答萬鹿園,答Y書,萬表,34166,2,,,,環碧堂集,23911,2
1127,張邦奇,51,28825,寄萬鹿園,致書Y,萬表,34166,,,,,環碧堂集,23911,2
1128,張邦奇,52,28825,與全汝禮吉士,致書Y,元立,127476,,,,,環碧堂集,23911,2
1129,張邦奇,53,28825,復祝太守,答Y書,祝太守,,,,,,環碧堂集,23911,2
1130,張邦奇,54,28825,復徐飬齋,答Y書,徐問,30618,,,,,環碧堂集,23911,2
1131,張邦奇,55,28825,答人柬,答Y書,,,,,,,環碧堂集,23911,2
1132,張邦奇,56,28825,復汪汝成,答Y書,汪玉,127505,7,,,,環碧堂集,23911,2
1133,張邦奇,57,28825,與汪汝成,致書Y,汪玉,127505,,,,,環碧堂集,23911,2
1134,張邦奇,58,28825,復豐生,答Y書,豐生,,,,,,環碧堂集,23911,2
1135,張邦奇,59,28825,寄豐白菴,致書Y,豐白菴,,,,,,環碧堂集,23911,2
1136,張邦奇,60,28825,寄魏子才,致書Y,魏校,30595,11,,,,環碧堂集,23911,2
1137,張邦奇,61,28825,寄王伯安,致書Y,王守仁,30374,,,,,環碧堂集,23911,3.1a
1138,張邦奇,62,28825,寄易欽之,致書Y,易舒誥,128685,,,,,環碧堂集,23911,3
1139,張邦奇,63,28825,答魏子才,答Y書,魏校,30595,,,,,環碧堂集,23911,3
1140,張邦奇,64,28825,答汪汝成,答Y書,汪玉,127505,,,,,環碧堂集,23911,3
1141,張邦奇,65,28825,答魏子才,答Y書,魏校,30595,,,,,環碧堂集,23911,3
1142,張邦奇,66,28825,與魏子才,致書Y,魏校,30595,,,,,環碧堂集,23911,3
1143,張邦奇,67,28825,寄汪汝成,致書Y,汪玉,127505,,,,,環碧堂集,23911,3
1144,張邦奇,68,28825,與魏子才,致書Y,魏校,30595,,,,,環碧堂集,23911,3
1145,張邦奇,69,28825,復魏子才,答Y書,魏校,30595,,,,,環碧堂集,23911,3
1146,張邦奇,70,28825,復李仁仲大參,答Y書,李麟,134562,,,,,環碧堂集,23911,3
1147,張邦奇,71,28825,寄董中峰,致書Y,董玘,123192,2,,,,環碧堂集,23911,3
1148,張邦奇,72,28825,寄董老先生,致書Y,董老先生,,,,,,環碧堂集,23911,3
1149,張邦奇,73,28825,寄潘有山先生,致書Y,潘有山,,,,,,環碧堂集,23911,3
1150,張邦奇,74,28825,復董鏡山,答Y書,董鏡山,,,,,,環碧堂集,23911,3
1151,張邦奇,75,28825,復陳朝儀,答Y書,陳朝儀,,2,,,,環碧堂集,23911,3
1152,張邦奇,76,28825,答魏子才,答Y書,魏校,30595,,,,,環碧堂集,23911,3
1153,張邦奇,77,28825,寄湖廣省城兩學師生,致書Y,兩學師生,,,,,,環碧堂集,23911,3
1154,張邦奇,78,28825,寄戴秉誠先生,致書Y,戴秉誠,,,,,,環碧堂集,23911,3
1155,張邦奇,79,28825,寄豐存禮,致書Y,豐坊,30211,,,,,環碧堂集,23911,3
1156,張邦奇,80,28825,復葉生,答Y書,葉生,,,,,,環碧堂集,23911,3
1157,張邦奇,81,28825,與陳朝儀,致書Y,陳朝儀,,,,,,環碧堂集,23911,3
1158,張邦奇,82,28825,寄魏子才,致書Y,魏校,30595,,,,,環碧堂集,23911,4.1a
1159,張邦奇,83,28825,與汪汝成,致書Y,汪玉,127505,3,,,,環碧堂集,23911,4
1160,張邦奇,84,28825,寄汪汝成,致書Y,汪玉,127505,,,,,環碧堂集,23911,4
1161,張邦奇,85,28825,寄魏子才,致書Y,魏校,30595,,,,,環碧堂集,23911,4
1162,張邦奇,86,28825,柬董文玉,致書Y,董玘,123192,,,,,環碧堂集,23911,4
1163,張邦奇,87,28825,寄魏子才,致書Y,魏校,30595,,,,,環碧堂集,23911,4
1164,張邦奇,88,28825,與鄭伯興,致書Y,鄭傑,132400,,,,,環碧堂集,23911,4
1165,張邦奇,89,28825,寄魏子才,致書Y,魏校,30595,,,,,環碧堂集,23911,4
1166,張邦奇,90,28825,寄汝成,致書Y,汪玉,127505,,,,,環碧堂集,23911,4
1167,張邦奇,91,28825,復張應韶舉人,答Y書,張應韶,,,,,,環碧堂集,23911,4
1168,張邦奇,92,28825,促本縣回文吏部,致書Y,文吏部,,,,,,環碧堂集,23911,4
1169,張邦奇,93,28825,寄人柬,致書Y,,,,,,,環碧堂集,23911,4
1170,張邦奇,94,28825,答余子積論太極圖,答Y書,余祐,128359,,,,,環碧堂集,23911,4
1171,張邦奇,95,28825,寄魏子才,致書Y,魏校,30595,,,,,環碧堂集,23911,4
1172,程敏政,1,29602,簡羅修譔明仲論歐公九射格義,致書Y,何喬新,34522,,,,,篁墩文集,6703,53
1173,程敏政,2,29602,與何憲使廷秀書,致書Y,,,,,,,篁墩文集,6703,53
1174,程敏政,3,29602,寄安福吳學士先生書,致書Y,,,,,,,篁墩文集,6703,53
1175,程敏政,4,29602,簡太守武邑王公而勉論諭祭禮書,致書Y,,,,,,,篁墩文集,6703,53
1176,程敏政,5,29602,寄李尚寳士欽書,致書Y,,,3,,,,篁墩文集,6703,53
1177,程敏政,6,29602,與陸諭德廉伯書,致書Y,陸簡,130772,,,,,篁墩文集,6703,53
1178,程敏政,7,29602,簡廣東李憲副廷璋,致書Y,,,,,,,篁墩文集,6703,53
1179,程敏政,8,29602,答湖廣何方伯廷秀,答Y書,何喬新,34522,,,,,篁墩文集,6703,53
1180,程敏政,9,29602,與林文美表弟書,致書Y,,,,,,,篁墩文集,6703,53
1181,程敏政,10,29602,答衍聖公書,答Y書,,,,,,,篁墩文集,6703,53
1182,程敏政,11,29602,簡李氏選應禎,致書Y,,,,,,,篁墩文集,6703,53
1183,程敏政,12,29602,與廵撫南畿尙書三原王公書,致書Y,,,,,,,篁墩文集,6703,53
1184,程敏政,13,29602,與提學婁侍御克讓請立二程夫子祠堂書,致書Y,婁謙,131075,,,,,篁墩文集,6703,53
1185,程敏政,14,29602,與南安張太守汝弼書,致書Y,張弼,130527,2,,,,篁墩文集,6703,53
1186,程敏政,15,29602,與張同年書,致書Y,,,,,,,篁墩文集,6703,53
1187,程敏政,16,29602,與太守河汾王公文明論世忠廟產書,致書Y,,,,,,,篁墩文集,6703,53
1188,程敏政,17,29602,簡黟縣江尹,致書Y,,,,,,,篁墩文集,6703,53
1189,程敏政,18,29602,簡德興方尹汝高,致書Y,,,,,,,篁墩文集,6703,53
1190,程敏政,19,29602,簡婺源陳簡敎諭,致書Y,,,,,,,篁墩文集,6703,53
1191,程敏政,20,29602,簡太守守河汾王公,致書Y,,,,,,,篁墩文集,6703,53
1192,程敏政,21,29602,寄歐陽大尹子相書,致書Y,,,,,,,篁墩文集,6703,53
1193,程敏政,22,29602,簡富溪宗人景宗,致書Y,,,,,,,篁墩文集,6703,53
1194,程敏政,23,29602,與東門四十七叔五十三叔,致書Y,,,,,,,篁墩文集,6703,53
1195,程敏政,24,29602,與河南宗人愽士通譜書,致書Y,,,,,,,篁墩文集,6703,53
1196,程敏政,25,29602,答黃州謝太守文安書,答Y書,謝恭,133178,,,,,篁墩文集,6703,53
1197,程敏政,26,29602,簡復范親家顯道,致書Y,,,,,,,篁墩文集,6703,53
1198,程敏政,27,29602,答汪巖秀才簡,答Y書,,,,,,,篁墩文集,6703,53
1199,程敏政,28,29602,與廵撫南畿都憲莆田彭公鳳儀書,致書Y,,,,,,,篁墩文集,6703,53
1200,程敏政,29,29602,簡樂平宗人貢士楷,致書Y,,,,,,,篁墩文集,6703,53
1201,程敏政,30,29602,答富溪宗人景宗書,答Y書,,,,,,,篁墩文集,6703,53
1202,程敏政,31,29602,簡徐州同知宗姪孫玉,致書Y,,,,,,,篁墩文集,6703,53
1203,程敏政,32,29602,與提學司馬侍御通伯書,致書Y,司馬垔,18231,,,,,篁墩文集,6703,53
1204,程敏政,33,29602,簡汪廷器,致書Y,,,,,,,篁墩文集,6703,53
1205,程敏政,34,29602,簡謝昌山人,致書Y,,,,,,,篁墩文集,6703,53
1206,程敏政,35,29602,簡纂修袁進士,致書Y,,,,,,,篁墩文集,6703,53
1207,程敏政,36,29602,寄閣老壽光先生,致書Y,,,,,,,篁墩文集,6703,53
1208,程敏政,37,29602,簡唐侍御希愷,致書Y,唐相,199797,,,,,篁墩文集,6703,53
1209,程敏政,38,29602,答口宗人志端,答Y書,,,,,,,篁墩文集,6703,53
1210,程敏政,39,29602,簡山斗族姪孫天相,致書Y,,,,,,,篁墩文集,6703,53
1211,程敏政,40,29602,與刑部尙書旴江何公簡,致書Y,,,,,,,篁墩文集,6703,53
1212,程敏政,41,29602,簡強憲副廷貢,致書Y,,,,,,,篁墩文集,6703,53
1213,程敏政,42,29602,與閣老壽光先生書,致書Y,,,,,,,篁墩文集,6703,53
1214,程敏政,43,29602,簡劉貢魁汝利昆仲,致書Y,,,,,,,篁墩文集,6703,53
1215,程敏政,44,29602,簡禮部尙書瓊山丘公,致書Y,,,,,,,篁墩文集,6703,53
1216,程敏政,45,29602,簡李學士世賢,致書Y,李傑,127941,,,,,篁墩文集,6703,53
1217,程敏政,46,29602,簡辨上人,致書Y,,,,,,,篁墩文集,6703,53
1218,程敏政,47,29602,慰余寘貢士簡,致書Y,,,,,,,篁墩文集,6703,53
1219,程敏政,48,29602,與河間太守謝公顯道書,致書Y,,,,,,,篁墩文集,6703,53
1220,程敏政,49,29602,復族人祖瑗,答Y書,,,,,,,篁墩文集,6703,53
1221,程敏政,50,29602,與林諭德亨大書 54,致書Y,,,,,,,篁墩文集,6703,54
1222,程敏政,51,29602,簡趙郎中夢麟,致書Y,,,,,,,篁墩文集,6703,54
1223,程敏政,52,29602,簡丹徒王尹公濟,致書Y,,,,,,,篁墩文集,6703,54
1224,程敏政,53,29602,簡錢宗甫御醫,致書Y,,,,,,,篁墩文集,6703,54
1225,程敏政,54,29602,簡錫山致政秦方伯廷韶,致書Y,秦夔,129697,,,,,篁墩文集,6703,54
1226,程敏政,55,29602,與姑蘇沈啓南書,致書Y,,,,,,,篁墩文集,6703,54
1227,程敏政,56,29602,與司馬侍御通伯書,致書Y,司馬垔,18231,,,,,篁墩文集,6703,54
1228,程敏政,57,29602,與李尙寳士欽書,致書Y,,,,,,,篁墩文集,6703,54
1229,程敏政,58,29602,與嚴州李太守叔恢書,致書Y,李德恢,199823,,,,,篁墩文集,6703,54
1230,程敏政,59,29602,簡致政于府尹景膽,致書Y,,,,,,,篁墩文集,6703,54
1231,程敏政,60,29602,答姑蘇劉振之簡,答Y書,劉紀,199882,,,,,篁墩文集,6703,54
1232,程敏政,61,29602,簡李尚寳士欽論古穰續集,致書Y,,,,,,,篁墩文集,6703,54
1233,程敏政,62,29602,與尙書瓊山丘公,致書Y,,,,,,,篁墩文集,6703,54
1234,程敏政,63,29602,與建陽朱愽士簡,致書Y,,,,,,,篁墩文集,6703,54
1235,程敏政,64,29602,與楊儀曹君謙書,致書Y,,,,,,,篁墩文集,6703,54
1236,程敏政,65,29602,與南京禮部尙書華容黎公太樸書,致書Y,,,,,,,篁墩文集,6703,54
1237,程敏政,66,29602,與金希傑汪朝眞簡,致書Y,,,,,,,篁墩文集,6703,54
1238,程敏政,67,29602,與張賛善廷祥書,致書Y,,,,,,,篁墩文集,6703,54
1239,程敏政,68,29602,答林諭德亨大書,答Y書,,,,,,,篁墩文集,6703,54
1240,程敏政,69,29602,與成都太守汪親家文燦書,致書Y,,,,,,,篁墩文集,6703,54
1241,程敏政,70,29602,與縣令辭鄊飲書,致書Y,,,,,,,篁墩文集,6703,54
1242,程敏政,71,29602,與仇訓導東之簡,致書Y,,,,,,,篁墩文集,6703,54
1243,程敏政,72,29602,與李尚寳士欽書,致書Y,,,,,,,篁墩文集,6703,54
1244,程敏政,73,29602,簡朱愽士士,致書Y,,,,,,,篁墩文集,6703,54
1245,程敏政,74,29602,汪僉憲從仁,致書Y,汪舜民,67742,,,,,篁墩文集,6703,54
1246,程敏政,75,29602,復莊定山年兄書,答Y書,莊昶,67718,,,,,篁墩文集,6703,54
1247,程敏政,76,29602,復李賔之學士,答Y書,李東陽,28691,,,,,篁墩文集,6703,54
1248,程敏政,77,29602,與謝鳴治祭酒書,致書Y,謝鐸,67166,,,,,篁墩文集,6703,54
1249,程敏政,78,29602,復焦孟陽舊寅長,答Y書,焦芳,131574,,,,,篁墩文集,6703,54
1250,程敏政,79,29602,復柳邦用太守,答Y書,柳琰,199038,,,,,篁墩文集,6703,54
1251,程敏政,80,29602,與婁克讓方伯書,致書Y,婁謙,131075,,,,,篁墩文集,6703,54
1252,程敏政,81,29602,與歐陽子相侍御書,致書Y,歐陽旦,67826,,,,,篁墩文集,6703,54
1253,程敏政,82,29602,復丁王夫通判,答Y書,,,,,,,篁墩文集,6703,54
1254,程敏政,83,29602,簡故戈陽黃憲使子,致書Y,,,,,,,篁墩文集,6703,54
1255,程敏政,84,29602,與侣大器都憲書,致書Y,,,,,,,篁墩文集,6703,54
1256,程敏政,85,29602,簡李宗仁太守,致書Y,李延壽,199367,,,,,篁墩文集,6703,54
1257,程敏政,86,29602,復羅明仲舊寅長,答Y書,羅璟,66807,,,,,篁墩文集,6703,54
1258,程敏政,87,29602,簡蕭文明同守,致書Y,蕭遍,133348,,,,,篁墩文集,6703,54
1259,程敏政,88,29602,簡沈石田,致書Y,沈周,34784,,,,,篁墩文集,6703,54
1260,程敏政,89,29602,李宗仁太守書,致書Y,李延壽,199367,,,,,篁墩文集,6703,54
1261,程敏政,90,29602,與致政汪世行縣尹書,致書Y,,,,,,,篁墩文集,6703,54
1262,程敏政,91,29602,簡劉南金司務,致書Y,劉鈁,132860,,,,,篁墩文集,6703,54
1263,程敏政,92,29602,簡陸文量叅政,致書Y,陸容,33714,,,,,篁墩文集,6703,54
1264,程敏政,93,29602,簡提學王明仲侍御,致書Y,王璟,67991,,,,,篁墩文集,6703,54
1265,程敏政,94,29602,復周仲瞻光禄,答Y書,周紘,66899,,,,,篁墩文集,6703,54
1266,程敏政,95,29602,與李士敬錦衣書,致書Y,,,,,,,篁墩文集,6703,54
1267,程敏政,96,29602,與謝于喬舊同寅,致書Y,謝遷,34576,,,,,篁墩文集,6703,54
1268,程敏政,97,29602,與鄭萬里上舍,致書Y,,,,,,,篁墩文集,6703,55
1269,程敏政,98,29602,復司馬通伯憲副書,答Y書,司馬垔,18231,,,,,篁墩文集,6703,55
1270,程敏政,99,29602,復汪進之貢魁,答Y書,汪循,127527,,,,,篁墩文集,6703,55
1271,程敏政,100,29602,與南京張學士廷祥書,致書Y,張元禎,67756,,,,,篁墩文集,6703,55
1272,程敏政,101,29602,與焦學士孟陽書,致書Y,焦芳,131574,,,,,篁墩文集,6703,55
1273,程敏政,102,29602,與王原常僉憲書,致書Y,王經,126772,,,,,篁墩文集,6703,55
1274,程敏政,103,29602,簡富溪用禮宗弟書,致書Y,,,,,,,篁墩文集,6703,55
1275,程敏政,104,29602,簡楊維立諭德,致書Y,楊守阯,67790,,,,,篁墩文集,6703,55
1276,程敏政,105,29602,與廵撫都憲張同年天瑞書,致書Y,,,,,,,篁墩文集,6703,55
1277,程敏政,106,29602,與楊君謙儀部,致書Y,楊循吉,35126,,,,,篁墩文集,6703,55
1278,程敏政,107,29602,復陜西提學楊僉憲應寧書,答Y書,楊一清,68260,,,,,篁墩文集,6703,55
1279,程敏政,108,29602,與南京羅司成明仲書,致書Y,羅璟,66807,,,,,篁墩文集,6703,55
1280,程敏政,109,29602,簡都憲屠同年朝宗,致書Y,屠滽,131299,,,,,篁墩文集,6703,55
1281,程敏政,110,29602,復廷祥學士書,答Y書,,,,,,,篁墩文集,6703,55
1282,程敏政,111,29602,復南京董尚矩侍郎書,答Y書,董越,132008,,,,,篁墩文集,6703,55
1283,程敏政,112,29602,答航濟川講經,答Y書,,,,,,,篁墩文集,6703,55
1284,程敏政,113,29602,與族姪師魯,致書Y,,,,,,,篁墩文集,6703,55
1285,程敏政,114,29602,與致政學士江東之書,致書Y,江朝宗,198252,,,,,篁墩文集,6703,55
1286,程敏政,115,29602,復廵撫雲南都憲張同年汝欽書,答Y書,張誥,130580,,,,,篁墩文集,6703,55
1287,程敏政,116,29602,簡祭酒林同年亨大,致書Y,林瀚,67154,,,,,篁墩文集,6703,55
1288,程敏政,117,29602,簡學士李同寅賔之,致書Y,李東陽,28691,,,,,篁墩文集,6703,55
1289,程敏政,118,29602,復廵撫南直隷何都憲世光書,答Y書,何鑑,67998,,,,,篁墩文集,6703,55
1290,程敏政,119,29602,復青州徐中行推官書,答Y書,徐翊,200937,,,,,篁墩文集,6703,55
1291,程敏政,120,29602,簡刑部楊主事志仁,致書Y,楊茂元,67791,,,,,篁墩文集,6703,55
1292,程敏政,121,29602,復王庶子世賢,答Y書,玉山樵者,126996,,,,,篁墩文集,6703,55
1293,程敏政,122,29602,復詹存中簡,答Y書,,,,,,,篁墩文集,6703,55
1294,程敏政,123,29602,與致仕邉侍郎克振書,致書Y,,,,,,,篁墩文集,6703,55
1295,程敏政,124,29602,簡付諸庶吉士,致書Y,,,,,,,篁墩文集,6703,55
1296,程敏政,125,29602,簡賔之學士,致書Y,,,,,,,篁墩文集,6703,55
1297,程敏政,126,29602,簡學士陸同年廉伯一,致書Y,陸簡,130772,,,,,篁墩文集,6703,55
1298,程敏政,127,29602,復致仕閣老尹先生書,致書Y,,,3,,,,篁墩文集,6703,55
1299,程敏政,128,29602,復謝學士于喬書,答Y書,謝遷,34576,,,,,篁墩文集,6703,55
1300,程敏政,129,29602,簡復馬少卿宗勉,致書Y,馬紹榮,129566,,,,,篁墩文集,6703,55
1301,程敏政,130,29602,答福建憲副司馬通伯書,答Y書,司馬垔,18231,,,,,篁墩文集,6703,55
1302,程敏政,131,29602,與汪大叅親家文燦書,致書Y,,,,,,,篁墩文集,6703,55
1303,程敏政,132,29602,簡宗伯倪同年舜咨,致書Y,倪岳,34510,,,,,篁墩文集,6703,55
1304,程敏政,133,29602,與河間謝太守道顯書,致書Y,謝文,133150,,,,,篁墩文集,6703,55
1305,程敏政,134,29602,答仇東之教授,答Y書,,,,,,,篁墩文集,6703,55
1306,程敏政,135,29602,復劉都憲時雍書,答Y書,劉大夏,67777,,,,,篁墩文集,6703,55
1307,程敏政,136,29602,復通政強同年廷貴書,答Y書,強珍,130718,,,,,篁墩文集,6703,55
1308,程敏政,137,29602,簡皚東白善世,致書Y,,,,,,,篁墩文集,6703,55
1309,程敏政,138,29602,簡陳師召太常子貢士舉,致書Y,陳音,67784,,,,,篁墩文集,6703,55
1310,程敏政,139,29602,與太傅殿學徐先生書,致書Y,,,,,,,篁墩文集,6703,55
1311,程敏政,140,29602,與李李遜學,致書Y,,,,,,,篁墩文集,6703,55
1312,程敏政,141,29602,與大司馬馬先生,致書Y,,,,,,,篁墩文集,6703,55
1313,程敏政,142,29602,與楊介夫侍讀,致書Y,楊廷和,68092,,,,,篁墩文集,6703,55
1314,程敏政,143,29602,與趙太常,致書Y,,,,,,,篁墩文集,6703,55
1315,程敏政,144,29602,書與仇訓導,致書Y,,,,,,,篁墩文集,6703,55
1316,程敏政,145,29602,與白司㓂先生,致書Y,,,,,,,篁墩文集,6703,55
1317,程敏政,146,29602,與傅亞卿,致書Y,,,,,,,篁墩文集,6703,55
1318,程敏政,147,29602,與楊學士,致書Y,,,,,,,篁墩文集,6703,55
1319,程敏政,148,29602,與林祭酒,致書Y,,,,,,,篁墩文集,6703,55
1320,程敏政,149,29602,與周司徒,致書Y,,,,,,,篁墩文集,6703,55
1321,程敏政,150,29602,與徐司空,致書Y,,,,,,,篁墩文集,6703,55
1322,程敏政,151,29602,簡顏通守,致書Y,,,,,,,篁墩文集,6703,55
1323,程敏政,152,29602,與師魯姪,致書Y,,,,,,,篁墩文集,6703,55
1324,楊廉,1,131843,復余子積書 ,答Y書,余祐,128359,,,,,楊文恪公文集62卷,40317,45
1325,楊廉,2,131843,録不第過嚴陵舊詩送王太守天章,致書Y,,,,,,,楊文恪公文集62卷,40317,45
1326,楊廉,3,131843,答張克修,答Y書,張吉,34592,,,,,楊文恪公文集62卷,40317,45
1327,楊廉,4,131843,與張克修,致書Y,張吉,34592,,,,,楊文恪公文集62卷,40317,45
1328,楊廉,5,131843,與張克修,致書Y,張吉,34592,,,,,楊文恪公文集62卷,40317,45
1329,楊廉,6,131843,答張克修,答Y書,張吉,34592,,,,,楊文恪公文集62卷,40317,45
1330,楊廉,7,131843,與費子克,致書Y,,,,,,,楊文恪公文集62卷,40317,45
1331,楊廉,8,131843,慰費子克,致書Y,,,,,,,楊文恪公文集62卷,40317,45
1332,楊廉,9,131843,與鵞湖費閣老,致書Y,,,,,,,楊文恪公文集62卷,40317,45
1333,楊廉,10,131843,與葉時勉,致書Y,葉釗,68051,,,,,楊文恪公文集62卷,40317,45
1334,楊廉,11,131843,與葉時勉,致書Y,葉釗,68051,,,,,楊文恪公文集62卷,40317,45
1335,楊廉,12,131843,答葉時勉,答Y書,葉釗,68051,,,,,楊文恪公文集62卷,40317,45
1336,楊廉,13,131843,慰林待用,致書Y,林俊,24554,,,,,楊文恪公文集62卷,40317,45
1337,楊廉,14,131843,與林待用,致書Y,林俊,24554,,,,,楊文恪公文集62卷,40317,45
1338,楊廉,15,131843,與林待用,致書Y,林俊,24554,,,,,楊文恪公文集62卷,40317,45
1339,楊廉,16,131843,與林待用,致書Y,林俊,24554,,,,,楊文恪公文集62卷,40317,45
1340,楊廉,17,131843,與呉獻臣,致書Y,,,,,,,楊文恪公文集62卷,40317,45
1341,楊廉,18,131843,奉張東白,致書Y,張元禎,67756,,,,,楊文恪公文集62卷,40317,45
1342,楊廉,19,131843,與劉徳資,致書Y,,,,,,,楊文恪公文集62卷,40317,45
1343,楊廉,20,131843,慰彭憲卿,致書Y,彭程,67829,,,,,楊文恪公文集62卷,40317,45
1344,楊廉,21,131843,與黃仲昭未軒,致書Y,黃潛,67703,,,,,楊文恪公文集62卷,40317,45
1345,楊廉,22,131843,與蘇伯誠,致書Y,蘇葵,133581,,,,,楊文恪公文集62卷,40317,45
1346,楊廉,23,131843,與邵國賢,致書Y,邵寳,128560,,,,,楊文恪公文集62卷,40317,45
1347,楊廉,24,131843,答呉懋貞,致書Y,,,,,,,楊文恪公文集62卷,40317,45
1348,楊廉,25,131843,慰蔡介夫,致書Y,蔡清,24579,,,,,楊文恪公文集62卷,40317,45
1349,楊廉,26,131843,與楊君謙,致書Y,楊循吉,35126,,,,,楊文恪公文集62卷,40317,45
1350,楊廉,27,131843,與王景昭,致書Y,王晟,67462,,,,,楊文恪公文集62卷,40317,45
1351,楊廉,28,131843,與楊名父,致書Y,楊子器,131729,,,,,楊文恪公文集62卷,40317,45
1352,楊廉,29,131843,與梅一之,致書Y,,,,,,,楊文恪公文集62卷,40317,46
1353,楊廉,30,131843,與陳大中,致書Y,,,,,,,楊文恪公文集62卷,40317,46
1354,楊廉,31,131843,與徐舜和,致書Y,,,,,,,楊文恪公文集62卷,40317,46
1355,楊廉,32,131843,與張經載,致書Y,張文,130324,,,,,楊文恪公文集62卷,40317,46
1356,楊廉,33,131843,奉呉匏菴,致書Y,,,,,,,楊文恪公文集62卷,40317,46
1357,楊廉,34,131843,與王司徒論救荒,致書Y,,,,,,,楊文恪公文集62卷,40317,46
1358,楊廉,35,131843,奉晦菴閣老,致書Y,,,,,,,楊文恪公文集62卷,40317,46
1359,楊廉,36,131843,與王伯安,致書Y,王守仁,30374,,,,,楊文恪公文集62卷,40317,46
1360,楊廉,37,131843,與王伯安,致書Y,王守仁,30374,,,,,楊文恪公文集62卷,40317,46
1361,楊廉,38,131843,答王伯安,答Y書,王守仁,30374,,,,,楊文恪公文集62卷,40317,46
1362,楊廉,39,131843,奉易菴舅氏,致書Y,,,,,,,楊文恪公文集62卷,40317,46
1363,楊廉,40,131843,與李學正,致書Y,,,,,,,楊文恪公文集62卷,40317,46
1364,楊廉,41,131843,與祝太守,致書Y,,,,,,,楊文恪公文集62卷,40317,46
1365,楊廉,42,131843,奉王三原,致書Y,,,,,,,楊文恪公文集62卷,40317,46
1366,楊廉,43,131843,答何掓立,答Y書,,,,,,,楊文恪公文集62卷,40317,46
1367,楊廉,44,131843,與韓都憲,致書Y,,,,,,,楊文恪公文集62卷,40317,46
1368,楊廉,45,131843,答張天衢,答Y書,張紹魁,207642,,,,,楊文恪公文集62卷,40317,46
1369,楊廉,46,131843,與蕭子雝,致書Y,蕭鳴鳳,68479,,,,,楊文恪公文集62卷,40317,46
1370,楊廉,47,131843,與蕭子雝,致書Y,蕭鳴鳳,68479,,,,,楊文恪公文集62卷,40317,46
1371,楊廉,48,131843,辭楊邃菴,致書Y,楊一清,68260,,,,,楊文恪公文集62卷,40317,46
1372,楊廉,49,131843,與楊邃菴,致書Y,楊一清,68260,,,,,楊文恪公文集62卷,40317,47
1373,楊廉,50,131843,復靳戒軒,致書Y,,,,,,,楊文恪公文集62卷,40317,47
1374,楊廉,51,131843,奉靳戒軒,致書Y,,,,,,,楊文恪公文集62卷,40317,47
1375,楊廉,52,131843,與靳戒軒,致書Y,,,,,,,楊文恪公文集62卷,40317,47
1376,楊廉,53,131843,與張文林,致書Y,張芹,68474,,,,,楊文恪公文集62卷,40317,47
1377,楊廉,54,131843,與張文林,致書Y,張芹,68474,,,,,楊文恪公文集62卷,40317,47
1378,楊廉,55,131843,與張文林,致書Y,張芹,68474,,,,,楊文恪公文集62卷,40317,47
1379,楊廉,56,131843,與鄭汝華,致書Y,鄭岳,34627,,,,,楊文恪公文集62卷,40317,47
1380,楊廉,57,131843,與彭濟物,致書Y,彭澤,68267,,,,,楊文恪公文集62卷,40317,47
1381,楊廉,58,131843,與彭濟物,致書Y,彭澤,68267,,,,,楊文恪公文集62卷,40317,47
1382,楊廉,59,131843,與塗賔賢,致書Y,,,,,,,楊文恪公文集62卷,40317,47
1383,楊廉,60,131843,答朱縣尹,答Y書,,,,,,,楊文恪公文集62卷,40317,47
1384,楊廉,61,131843,與劉希召,致書Y,劉武臣,200984,,,,,楊文恪公文集62卷,40317,47
1385,楊廉,62,131843,與席文同,致書Y,席書,68201,,,,,楊文恪公文集62卷,40317,47
1386,楊廉,63,131843,奉張東白,致書Y,張元禎,67756,,,,,楊文恪公文集62卷,40317,47
1387,楊廉,64,131843,奉張東白,致書Y,張元禎,67756,,,,,楊文恪公文集62卷,40317,47
1388,楊廉,65,131843,與何子敬,致書Y,和濟格爾,124590,,,,,楊文恪公文集62卷,40317,47
1389,楊廉,66,131843,復錢靜夫,答Y書,錢山,199033,,,,,楊文恪公文集62卷,40317,47
1390,楊廉,67,131843,與羅景鳴,致書Y,羅,34593,,,,,楊文恪公文集62卷,40317,47
1391,楊廉,68,131843,奉羅栗齋,致書Y,,,,,,,楊文恪公文集62卷,40317,47
1392,楊廉,69,131843,與季明徳,致書Y,,,,,,,楊文恪公文集62卷,40317,47
1393,楊廉,70,131843,與孫性甫,致書Y,孫存,129715,,,,,楊文恪公文集62卷,40317,47
1394,楊廉,71,131843,與陳文表,致書Y,陳奎,130869,,,,,楊文恪公文集62卷,40317,47
1395,楊廉,72,131843,與彭景俊,致書Y,彭傑,131318,,,,,楊文恪公文集62卷,40317,47
1396,楊廉,73,131843,與席文同,致書Y,席書,68201,,,,,楊文恪公文集62卷,40317,47
1397,楊廉,74,131843,與合州宋守名琢,致書Y,,,,,,,楊文恪公文集62卷,40317,47
1398,楊廉,75,131843,與林緝熙,致書Y,林光,128585,,,,,楊文恪公文集62卷,40317,47
1399,楊廉,76,131843,與潘孔修,致書Y,潘府,132318,,,,,楊文恪公文集62卷,40317,47
1400,楊廉,77,131843,與劉文煥,致書Y,劉丙,67467,,,,,楊文恪公文集62卷,40317,47
1401,楊廉,78,131843,與余宗周 E1326,致書Y,余濂,67809,,,,,楊文恪公文集62卷,40317,48
1402,楊廉,79,131843,與孫承恩秀才,致書Y,,,,,,,楊文恪公文集62卷,40317,48
1403,楊廉,80,131843,與卓生,致書Y,,,,,,,楊文恪公文集62卷,40317,48
1404,楊廉,81,131843,與王冬官名鑾,致書Y,,,,,,,楊文恪公文集62卷,40317,48
1405,楊廉,82,131843,與陸全卿,致書Y,陸完,68015,,,,,楊文恪公文集62卷,40317,48
1406,楊廉,83,131843,與楊實夫,致書Y,楊果,131792,,,,,楊文恪公文集62卷,40317,48
1407,楊廉,84,131843,與黃應期,致書Y,黃河明,131389,,,,,楊文恪公文集62卷,40317,48
1408,楊廉,85,131843,與夏于中,致書Y,夏良勝,34655,,,,,楊文恪公文集62卷,40317,48
1409,楊廉,86,131843,與劉時讓,致書Y,劉遜,132897,,,,,楊文恪公文集62卷,40317,48
1410,楊廉,87,131843,與徐宣之,致書Y,徐蕃,129991,,,,,楊文恪公文集62卷,40317,48
1411,楊廉,88,131843,奉李舫齋都憲,致書Y,李貢,127870,,,,,楊文恪公文集62卷,40317,48
1412,楊廉,89,131843,與范給事允卿,致書Y,,,,,,,楊文恪公文集62卷,40317,48
1413,楊廉,90,131843,答劉潤之僉事,答Y書,劉成德,201713,,,,,楊文恪公文集62卷,40317,48
1414,楊廉,91,131843,答歐陽御史從龍,答Y書,,,,,,,楊文恪公文集62卷,40317,48
1415,楊廉,92,131843,奉石齋閣老,致書Y,,,,,,,楊文恪公文集62卷,40317,48
1416,楊廉,93,131843,與徐宣之,致書Y,徐蕃,129991,,,,,楊文恪公文集62卷,40317,48
1417,楊廉,94,131843,與伍時泰,致書Y,伍文定,68206,,,,,楊文恪公文集62卷,40317,48
1418,楊廉,95,131843,奉周翠渠先生,致書Y,,,,,,,楊文恪公文集62卷,40317,48
1419,楊廉,96,131843,與魏子才,致書Y,魏校,30595,,,,,楊文恪公文集62卷,40317,48
1420,楊廉,97,131843,答邵二泉國贒,答Y書,,,,,,,楊文恪公文集62卷,40317,48
1421,楊廉,98,131843,答前人,答Y書,,,,,,,楊文恪公文集62卷,40317,48
1422,楊廉,99,131843,復余憲長子積,答Y書,,,,,,,楊文恪公文集62卷,40317,48
1423,楊廉,100,131843,與毛三江禮書,致書Y,,,,,,,楊文恪公文集62卷,40317,48
1424,楊廉,101,131843,奉費鵞湖閣老,致書Y,費宏,68133,,,,,楊文恪公文集62卷,40317,48
1425,楊廉,102,131843,復喬白巖太宰,答Y書,喬宇,68219,,,,,楊文恪公文集62卷,40317,48
1426,楊廉,103,131843,與范憲副以載,致書Y,,,,,,,楊文恪公文集62卷,40317,48
